{"seed": 0, "user": 0, "rho": 0.0, "strategy": "random", "final_regret": -3.814697265625e-06}
{"seed": 0, "user": 0, "rho": 0.0, "strategy": "bald", "final_regret": 0.15874099731445312}
{"seed": 0, "user": 0, "rho": 0.0, "strategy": "voi", "final_regret": -3.814697265625e-06}
{"seed": 0, "user": 0, "rho": 0.0, "strategy": "oracle", "final_regret": 1.8537445068359375}
{"seed": 0, "user": 1, "rho": 0.0, "strategy": "random", "final_regret": 0.7995662689208984}
{"seed": 0, "user": 1, "rho": 0.0, "strategy": "bald", "final_regret": 3.747464179992676}
{"seed": 0, "user": 1, "rho": 0.0, "strategy": "voi", "final_regret": 4.681170463562012}
{"seed": 0, "user": 1, "rho": 0.0, "strategy": "oracle", "final_regret": 0.010654449462890625}
{"seed": 0, "user": 2, "rho": 0.0, "strategy": "random", "final_regret": 2.6295166015625}
{"seed": 0, "user": 2, "rho": 0.0, "strategy": "bald", "final_regret": 0.826873779296875}
{"seed": 0, "user": 2, "rho": 0.0, "strategy": "voi", "final_regret": 2.986621856689453}
{"seed": 0, "user": 2, "rho": 0.0, "strategy": "oracle", "final_regret": 0.086029052734375}
{"seed": 0, "user": 3, "rho": 0.0, "strategy": "random", "final_regret": 0.016019821166992188}
{"seed": 0, "user": 3, "rho": 0.0, "strategy": "bald", "final_regret": 0.7133393287658691}
{"seed": 0, "user": 3, "rho": 0.0, "strategy": "voi", "final_regret": 0.16423988342285156}
{"seed": 0, "user": 3, "rho": 0.0, "strategy": "oracle", "final_regret": 0.046027183532714844}
{"seed": 0, "user": 4, "rho": 0.0, "strategy": "random", "final_regret": 0.3887062072753906}
{"seed": 0, "user": 4, "rho": 0.0, "strategy": "bald", "final_regret": 3.943086624145508}
{"seed": 0, "user": 4, "rho": 0.0, "strategy": "voi", "final_regret": 3.027576446533203}
{"seed": 0, "user": 4, "rho": 0.0, "strategy": "oracle", "final_regret": 0.040615081787109375}
{"seed": 0, "user": 5, "rho": 0.0, "strategy": "random", "final_regret": 9.918688774108887}
{"seed": 0, "user": 5, "rho": 0.0, "strategy": "bald", "final_regret": 0.10303688049316406}
{"seed": 0, "user": 5, "rho": 0.0, "strategy": "voi", "final_regret": 3.447847366333008}
{"seed": 0, "user": 5, "rho": 0.0, "strategy": "oracle", "final_regret": 0.10425281524658203}
{"seed": 0, "user": 6, "rho": 0.0, "strategy": "random", "final_regret": 8.952966690063477}
{"seed": 0, "user": 6, "rho": 0.0, "strategy": "bald", "final_regret": 2.21639347076416}
{"seed": 0, "user": 6, "rho": 0.0, "strategy": "voi", "final_regret": 2.2130985260009766}
{"seed": 0, "user": 6, "rho": 0.0, "strategy": "oracle", "final_regret": 2.308837890625}
{"seed": 0, "user": 7, "rho": 0.0, "strategy": "random", "final_regret": 5.133000373840332}
{"seed": 0, "user": 7, "rho": 0.0, "strategy": "bald", "final_regret": 0.5939044952392578}
{"seed": 0, "user": 7, "rho": 0.0, "strategy": "voi", "final_regret": 0.5939044952392578}
{"seed": 0, "user": 7, "rho": 0.0, "strategy": "oracle", "final_regret": 1.9243640899658203}
{"seed": 0, "user": 8, "rho": 0.0, "strategy": "random", "final_regret": 0.7696399688720703}
{"seed": 0, "user": 8, "rho": 0.0, "strategy": "bald", "final_regret": 4.253437042236328}
{"seed": 0, "user": 8, "rho": 0.0, "strategy": "voi", "final_regret": 5.4687042236328125}
{"seed": 0, "user": 8, "rho": 0.0, "strategy": "oracle", "final_regret": 0.001190185546875}
{"seed": 0, "user": 9, "rho": 0.0, "strategy": "random", "final_regret": 3.625373363494873}
{"seed": 0, "user": 9, "rho": 0.0, "strategy": "bald", "final_regret": 0.9636522531509399}
{"seed": 0, "user": 9, "rho": 0.0, "strategy": "voi", "final_regret": 0.13748860359191895}
{"seed": 0, "user": 9, "rho": 0.0, "strategy": "oracle", "final_regret": 4.516095161437988}
{"seed": 0, "user": 10, "rho": 0.0, "strategy": "random", "final_regret": -2.47955322265625e-05}
{"seed": 0, "user": 10, "rho": 0.0, "strategy": "bald", "final_regret": 1.9017524719238281}
{"seed": 0, "user": 10, "rho": 0.0, "strategy": "voi", "final_regret": 8.71028995513916}
{"seed": 0, "user": 10, "rho": 0.0, "strategy": "oracle", "final_regret": -2.47955322265625e-05}
{"seed": 0, "user": 11, "rho": 0.0, "strategy": "random", "final_regret": 7.267961025238037}
{"seed": 0, "user": 11, "rho": 0.0, "strategy": "bald", "final_regret": 6.236465930938721}
{"seed": 0, "user": 11, "rho": 0.0, "strategy": "voi", "final_regret": 6.653732776641846}
{"seed": 0, "user": 11, "rho": 0.0, "strategy": "oracle", "final_regret": 0.8078172206878662}
{"seed": 1, "user": 0, "rho": 0.0, "strategy": "random", "final_regret": 12.8533935546875}
{"seed": 1, "user": 0, "rho": 0.0, "strategy": "bald", "final_regret": 0.6033792495727539}
{"seed": 1, "user": 0, "rho": 0.0, "strategy": "voi", "final_regret": 0.17554020881652832}
{"seed": 1, "user": 0, "rho": 0.0, "strategy": "oracle", "final_regret": 0.11485576629638672}
{"seed": 1, "user": 1, "rho": 0.0, "strategy": "random", "final_regret": 6.234246253967285}
{"seed": 1, "user": 1, "rho": 0.0, "strategy": "bald", "final_regret": 6.069919586181641}
{"seed": 1, "user": 1, "rho": 0.0, "strategy": "voi", "final_regret": 4.336287975311279}
{"seed": 1, "user": 1, "rho": 0.0, "strategy": "oracle", "final_regret": 4.448270797729492}
{"seed": 1, "user": 2, "rho": 0.0, "strategy": "random", "final_regret": 0.05077528953552246}
{"seed": 1, "user": 2, "rho": 0.0, "strategy": "bald", "final_regret": 0.05062389373779297}
{"seed": 1, "user": 2, "rho": 0.0, "strategy": "voi", "final_regret": 0.05077528953552246}
{"seed": 1, "user": 2, "rho": 0.0, "strategy": "oracle", "final_regret": 0.0}
{"seed": 1, "user": 3, "rho": 0.0, "strategy": "random", "final_regret": 10.060920715332031}
{"seed": 1, "user": 3, "rho": 0.0, "strategy": "bald", "final_regret": 9.988118171691895}
{"seed": 1, "user": 3, "rho": 0.0, "strategy": "voi", "final_regret": 9.3970308303833}
{"seed": 1, "user": 3, "rho": 0.0, "strategy": "oracle", "final_regret": 0.24878644943237305}
{"seed": 1, "user": 4, "rho": 0.0, "strategy": "random", "final_regret": 1.4990779161453247}
{"seed": 1, "user": 4, "rho": 0.0, "strategy": "bald", "final_regret": 1.4990779161453247}
{"seed": 1, "user": 4, "rho": 0.0, "strategy": "voi", "final_regret": 1.4990779161453247}
{"seed": 1, "user": 4, "rho": 0.0, "strategy": "oracle", "final_regret": 0.3361467123031616}
{"seed": 1, "user": 5, "rho": 0.0, "strategy": "random", "final_regret": 0.20673155784606934}
{"seed": 1, "user": 5, "rho": 0.0, "strategy": "bald", "final_regret": 0.13303279876708984}
{"seed": 1, "user": 5, "rho": 0.0, "strategy": "voi", "final_regret": 0.1995069980621338}
{"seed": 1, "user": 5, "rho": 0.0, "strategy": "oracle", "final_regret": 0.1674332618713379}
{"seed": 1, "user": 6, "rho": 0.0, "strategy": "random", "final_regret": 2.638899803161621}
{"seed": 1, "user": 6, "rho": 0.0, "strategy": "bald", "final_regret": 3.6173839569091797}
{"seed": 1, "user": 6, "rho": 0.0, "strategy": "voi", "final_regret": 2.6052474975585938}
{"seed": 1, "user": 6, "rho": 0.0, "strategy": "oracle", "final_regret": 6.027088165283203}
{"seed": 1, "user": 7, "rho": 0.0, "strategy": "random", "final_regret": 0.2413005828857422}
{"seed": 1, "user": 7, "rho": 0.0, "strategy": "bald", "final_regret": 0.2413005828857422}
{"seed": 1, "user": 7, "rho": 0.0, "strategy": "voi", "final_regret": 15.925605773925781}
{"seed": 1, "user": 7, "rho": 0.0, "strategy": "oracle", "final_regret": 0.22952651977539062}
{"seed": 1, "user": 8, "rho": 0.0, "strategy": "random", "final_regret": 7.596384525299072}
{"seed": 1, "user": 8, "rho": 0.0, "strategy": "bald", "final_regret": 0.12085437774658203}
{"seed": 1, "user": 8, "rho": 0.0, "strategy": "voi", "final_regret": 0.08624410629272461}
{"seed": 1, "user": 8, "rho": 0.0, "strategy": "oracle", "final_regret": 1.4977660179138184}
{"seed": 1, "user": 9, "rho": 0.0, "strategy": "random", "final_regret": 0.06637954711914062}
{"seed": 1, "user": 9, "rho": 0.0, "strategy": "bald", "final_regret": 0.051743507385253906}
{"seed": 1, "user": 9, "rho": 0.0, "strategy": "voi", "final_regret": 0.09758281707763672}
{"seed": 1, "user": 9, "rho": 0.0, "strategy": "oracle", "final_regret": 0.032311439514160156}
{"seed": 1, "user": 10, "rho": 0.0, "strategy": "random", "final_regret": 0.21451377868652344}
{"seed": 1, "user": 10, "rho": 0.0, "strategy": "bald", "final_regret": 10.27917766571045}
{"seed": 1, "user": 10, "rho": 0.0, "strategy": "voi", "final_regret": 6.26689338684082}
{"seed": 1, "user": 10, "rho": 0.0, "strategy": "oracle", "final_regret": 0.23238182067871094}
{"seed": 1, "user": 11, "rho": 0.0, "strategy": "random", "final_regret": 7.530366897583008}
{"seed": 1, "user": 11, "rho": 0.0, "strategy": "bald", "final_regret": 0.10784482955932617}
{"seed": 1, "user": 11, "rho": 0.0, "strategy": "voi", "final_regret": 0.06158590316772461}
{"seed": 1, "user": 11, "rho": 0.0, "strategy": "oracle", "final_regret": 4.76837158203125e-07}
{"seed": 2, "user": 0, "rho": 0.0, "strategy": "random", "final_regret": 1.1279948949813843}
{"seed": 2, "user": 0, "rho": 0.0, "strategy": "bald", "final_regret": 0.8483099937438965}
{"seed": 2, "user": 0, "rho": 0.0, "strategy": "voi", "final_regret": 2.453002691268921}
{"seed": 2, "user": 0, "rho": 0.0, "strategy": "oracle", "final_regret": 0.0035822391510009766}
{"seed": 2, "user": 1, "rho": 0.0, "strategy": "random", "final_regret": 2.964721918106079}
{"seed": 2, "user": 1, "rho": 0.0, "strategy": "bald", "final_regret": 5.79304313659668}
{"seed": 2, "user": 1, "rho": 0.0, "strategy": "voi", "final_regret": 1.520308494567871}
{"seed": 2, "user": 1, "rho": 0.0, "strategy": "oracle", "final_regret": 0.052568793296813965}
{"seed": 2, "user": 2, "rho": 0.0, "strategy": "random", "final_regret": 3.8841800689697266}
{"seed": 2, "user": 2, "rho": 0.0, "strategy": "bald", "final_regret": 3.7823095321655273}
{"seed": 2, "user": 2, "rho": 0.0, "strategy": "voi", "final_regret": 4.871912956237793}
{"seed": 2, "user": 2, "rho": 0.0, "strategy": "oracle", "final_regret": 3.7181899547576904}
{"seed": 2, "user": 3, "rho": 0.0, "strategy": "random", "final_regret": 0.06633687019348145}
{"seed": 2, "user": 3, "rho": 0.0, "strategy": "bald", "final_regret": 0.06633687019348145}
{"seed": 2, "user": 3, "rho": 0.0, "strategy": "voi", "final_regret": 0.09065413475036621}
{"seed": 2, "user": 3, "rho": 0.0, "strategy": "oracle", "final_regret": 0.07864546775817871}
{"seed": 2, "user": 4, "rho": 0.0, "strategy": "random", "final_regret": 0.087799072265625}
{"seed": 2, "user": 4, "rho": 0.0, "strategy": "bald", "final_regret": 0.087799072265625}
{"seed": 2, "user": 4, "rho": 0.0, "strategy": "voi", "final_regret": 0.087799072265625}
{"seed": 2, "user": 4, "rho": 0.0, "strategy": "oracle", "final_regret": -5.7220458984375e-06}
{"seed": 2, "user": 5, "rho": 0.0, "strategy": "random", "final_regret": 0.4124373197555542}
{"seed": 2, "user": 5, "rho": 0.0, "strategy": "bald", "final_regret": 2.114081382751465}
{"seed": 2, "user": 5, "rho": 0.0, "strategy": "voi", "final_regret": 0.5620057582855225}
{"seed": 2, "user": 5, "rho": 0.0, "strategy": "oracle", "final_regret": 0.2727900743484497}
{"seed": 2, "user": 6, "rho": 0.0, "strategy": "random", "final_regret": 0.0309145450592041}
{"seed": 2, "user": 6, "rho": 0.0, "strategy": "bald", "final_regret": 0.13495850563049316}
{"seed": 2, "user": 6, "rho": 0.0, "strategy": "voi", "final_regret": 0.11095762252807617}
{"seed": 2, "user": 6, "rho": 0.0, "strategy": "oracle", "final_regret": 0.14424777030944824}
{"seed": 2, "user": 7, "rho": 0.0, "strategy": "random", "final_regret": 0.12839174270629883}
{"seed": 2, "user": 7, "rho": 0.0, "strategy": "bald", "final_regret": 3.98260760307312}
{"seed": 2, "user": 7, "rho": 0.0, "strategy": "voi", "final_regret": 0.09782791137695312}
{"seed": 2, "user": 7, "rho": 0.0, "strategy": "oracle", "final_regret": 0.09782791137695312}
{"seed": 2, "user": 8, "rho": 0.0, "strategy": "random", "final_regret": 2.491661548614502}
{"seed": 2, "user": 8, "rho": 0.0, "strategy": "bald", "final_regret": 3.227309226989746}
{"seed": 2, "user": 8, "rho": 0.0, "strategy": "voi", "final_regret": 2.9331345558166504}
{"seed": 2, "user": 8, "rho": 0.0, "strategy": "oracle", "final_regret": 0.23923015594482422}
{"seed": 2, "user": 9, "rho": 0.0, "strategy": "random", "final_regret": 2.7875537872314453}
{"seed": 2, "user": 9, "rho": 0.0, "strategy": "bald", "final_regret": 7.0860466957092285}
{"seed": 2, "user": 9, "rho": 0.0, "strategy": "voi", "final_regret": 7.0092644691467285}
{"seed": 2, "user": 9, "rho": 0.0, "strategy": "oracle", "final_regret": 2.8884358406066895}
{"seed": 2, "user": 10, "rho": 0.0, "strategy": "random", "final_regret": 0.13246452808380127}
{"seed": 2, "user": 10, "rho": 0.0, "strategy": "bald", "final_regret": 0.004807233810424805}
{"seed": 2, "user": 10, "rho": 0.0, "strategy": "voi", "final_regret": 0.004807233810424805}
{"seed": 2, "user": 10, "rho": 0.0, "strategy": "oracle", "final_regret": 0.18736326694488525}
{"seed": 2, "user": 11, "rho": 0.0, "strategy": "random", "final_regret": 0.12776756286621094}
{"seed": 2, "user": 11, "rho": 0.0, "strategy": "bald", "final_regret": 0.18673133850097656}
{"seed": 2, "user": 11, "rho": 0.0, "strategy": "voi", "final_regret": 0.08363533020019531}
{"seed": 2, "user": 11, "rho": 0.0, "strategy": "oracle", "final_regret": 0.08210945129394531}
{"seed": 3, "user": 0, "rho": 0.0, "strategy": "random", "final_regret": 0.026033401489257812}
{"seed": 3, "user": 0, "rho": 0.0, "strategy": "bald", "final_regret": 0.642303466796875}
{"seed": 3, "user": 0, "rho": 0.0, "strategy": "voi", "final_regret": 0.28055381774902344}
{"seed": 3, "user": 0, "rho": 0.0, "strategy": "oracle", "final_regret": 0.026033401489257812}
{"seed": 3, "user": 1, "rho": 0.0, "strategy": "random", "final_regret": 0.09881019592285156}
{"seed": 3, "user": 1, "rho": 0.0, "strategy": "bald", "final_regret": 0.050991058349609375}
{"seed": 3, "user": 1, "rho": 0.0, "strategy": "voi", "final_regret": 0.12303352355957031}
{"seed": 3, "user": 1, "rho": 0.0, "strategy": "oracle", "final_regret": 0.022130966186523438}
{"seed": 3, "user": 2, "rho": 0.0, "strategy": "random", "final_regret": 0.9590167999267578}
{"seed": 3, "user": 2, "rho": 0.0, "strategy": "bald", "final_regret": 1.5067863464355469}
{"seed": 3, "user": 2, "rho": 0.0, "strategy": "voi", "final_regret": 1.1904315948486328}
{"seed": 3, "user": 2, "rho": 0.0, "strategy": "oracle", "final_regret": 0.020353317260742188}
{"seed": 3, "user": 3, "rho": 0.0, "strategy": "random", "final_regret": 4.243409156799316}
{"seed": 3, "user": 3, "rho": 0.0, "strategy": "bald", "final_regret": 0.008922576904296875}
{"seed": 3, "user": 3, "rho": 0.0, "strategy": "voi", "final_regret": 0.23574161529541016}
{"seed": 3, "user": 3, "rho": 0.0, "strategy": "oracle", "final_regret": 4.276365280151367}
{"seed": 3, "user": 4, "rho": 0.0, "strategy": "random", "final_regret": 0.04792022705078125}
{"seed": 3, "user": 4, "rho": 0.0, "strategy": "bald", "final_regret": 0.06107330322265625}
{"seed": 3, "user": 4, "rho": 0.0, "strategy": "voi", "final_regret": 0.010137557983398438}
{"seed": 3, "user": 4, "rho": 0.0, "strategy": "oracle", "final_regret": 0.05122566223144531}
{"seed": 3, "user": 5, "rho": 0.0, "strategy": "random", "final_regret": 0.28139257431030273}
{"seed": 3, "user": 5, "rho": 0.0, "strategy": "bald", "final_regret": 0.3230280876159668}
{"seed": 3, "user": 5, "rho": 0.0, "strategy": "voi", "final_regret": 0.3007831573486328}
{"seed": 3, "user": 5, "rho": 0.0, "strategy": "oracle", "final_regret": 0.5367884635925293}
{"seed": 3, "user": 6, "rho": 0.0, "strategy": "random", "final_regret": 7.170999526977539}
{"seed": 3, "user": 6, "rho": 0.0, "strategy": "bald", "final_regret": 6.957462310791016}
{"seed": 3, "user": 6, "rho": 0.0, "strategy": "voi", "final_regret": 6.957462310791016}
{"seed": 3, "user": 6, "rho": 0.0, "strategy": "oracle", "final_regret": 6.911537170410156}
{"seed": 3, "user": 7, "rho": 0.0, "strategy": "random", "final_regret": 4.350991249084473}
{"seed": 3, "user": 7, "rho": 0.0, "strategy": "bald", "final_regret": 2.6056675910949707}
{"seed": 3, "user": 7, "rho": 0.0, "strategy": "voi", "final_regret": 1.1688451766967773}
{"seed": 3, "user": 7, "rho": 0.0, "strategy": "oracle", "final_regret": 3.430600643157959}
{"seed": 3, "user": 8, "rho": 0.0, "strategy": "random", "final_regret": 2.6150319576263428}
{"seed": 3, "user": 8, "rho": 0.0, "strategy": "bald", "final_regret": 1.968550682067871}
{"seed": 3, "user": 8, "rho": 0.0, "strategy": "voi", "final_regret": 1.026228666305542}
{"seed": 3, "user": 8, "rho": 0.0, "strategy": "oracle", "final_regret": 2.491480827331543}
{"seed": 3, "user": 9, "rho": 0.0, "strategy": "random", "final_regret": 0.044762611389160156}
{"seed": 3, "user": 9, "rho": 0.0, "strategy": "bald", "final_regret": 0.044762611389160156}
{"seed": 3, "user": 9, "rho": 0.0, "strategy": "voi", "final_regret": 0.012017250061035156}
{"seed": 3, "user": 9, "rho": 0.0, "strategy": "oracle", "final_regret": 0.09223651885986328}
{"seed": 3, "user": 10, "rho": 0.0, "strategy": "random", "final_regret": 0.6485729217529297}
{"seed": 3, "user": 10, "rho": 0.0, "strategy": "bald", "final_regret": 0.3732643127441406}
{"seed": 3, "user": 10, "rho": 0.0, "strategy": "voi", "final_regret": 0.6607437133789062}
{"seed": 3, "user": 10, "rho": 0.0, "strategy": "oracle", "final_regret": 1.056966781616211}
{"seed": 3, "user": 11, "rho": 0.0, "strategy": "random", "final_regret": 0.36408424377441406}
{"seed": 3, "user": 11, "rho": 0.0, "strategy": "bald", "final_regret": 0.12886810302734375}
{"seed": 3, "user": 11, "rho": 0.0, "strategy": "voi", "final_regret": 3.8757171630859375}
{"seed": 3, "user": 11, "rho": 0.0, "strategy": "oracle", "final_regret": 0.36408424377441406}
{"seed": 4, "user": 0, "rho": 0.0, "strategy": "random", "final_regret": 0.08005332946777344}
{"seed": 4, "user": 0, "rho": 0.0, "strategy": "bald", "final_regret": 0.3983039855957031}
{"seed": 4, "user": 0, "rho": 0.0, "strategy": "voi", "final_regret": 0.5499382019042969}
{"seed": 4, "user": 0, "rho": 0.0, "strategy": "oracle", "final_regret": 0.5514125823974609}
{"seed": 4, "user": 1, "rho": 0.0, "strategy": "random", "final_regret": 0.8254384994506836}
{"seed": 4, "user": 1, "rho": 0.0, "strategy": "bald", "final_regret": 0.007769584655761719}
{"seed": 4, "user": 1, "rho": 0.0, "strategy": "voi", "final_regret": 1.014460563659668}
{"seed": 4, "user": 1, "rho": 0.0, "strategy": "oracle", "final_regret": 0.21489524841308594}
{"seed": 4, "user": 2, "rho": 0.0, "strategy": "random", "final_regret": 0.28237342834472656}
{"seed": 4, "user": 2, "rho": 0.0, "strategy": "bald", "final_regret": 1.0184364318847656}
{"seed": 4, "user": 2, "rho": 0.0, "strategy": "voi", "final_regret": 2.404012680053711}
{"seed": 4, "user": 2, "rho": 0.0, "strategy": "oracle", "final_regret": 0.054935455322265625}
{"seed": 4, "user": 3, "rho": 0.0, "strategy": "random", "final_regret": 3.163522720336914}
{"seed": 4, "user": 3, "rho": 0.0, "strategy": "bald", "final_regret": 2.460089683532715}
{"seed": 4, "user": 3, "rho": 0.0, "strategy": "voi", "final_regret": 2.460089683532715}
{"seed": 4, "user": 3, "rho": 0.0, "strategy": "oracle", "final_regret": 0.046113014221191406}
{"seed": 4, "user": 4, "rho": 0.0, "strategy": "random", "final_regret": 0.001220703125}
{"seed": 4, "user": 4, "rho": 0.0, "strategy": "bald", "final_regret": 0.001220703125}
{"seed": 4, "user": 4, "rho": 0.0, "strategy": "voi", "final_regret": 0.009318351745605469}
{"seed": 4, "user": 4, "rho": 0.0, "strategy": "oracle", "final_regret": 0.29111289978027344}
{"seed": 4, "user": 5, "rho": 0.0, "strategy": "random", "final_regret": 17.434181213378906}
{"seed": 4, "user": 5, "rho": 0.0, "strategy": "bald", "final_regret": 0.11015987396240234}
{"seed": 4, "user": 5, "rho": 0.0, "strategy": "voi", "final_regret": 0.1131582260131836}
{"seed": 4, "user": 5, "rho": 0.0, "strategy": "oracle", "final_regret": 0.1326751708984375}
{"seed": 4, "user": 6, "rho": 0.0, "strategy": "random", "final_regret": 1.4547152519226074}
{"seed": 4, "user": 6, "rho": 0.0, "strategy": "bald", "final_regret": 1.4003520011901855}
{"seed": 4, "user": 6, "rho": 0.0, "strategy": "voi", "final_regret": 2.1519241333007812}
{"seed": 4, "user": 6, "rho": 0.0, "strategy": "oracle", "final_regret": 0.998898983001709}
{"seed": 4, "user": 7, "rho": 0.0, "strategy": "random", "final_regret": 4.007694244384766}
{"seed": 4, "user": 7, "rho": 0.0, "strategy": "bald", "final_regret": 5.838596343994141}
{"seed": 4, "user": 7, "rho": 0.0, "strategy": "voi", "final_regret": 3.172184467315674}
{"seed": 4, "user": 7, "rho": 0.0, "strategy": "oracle", "final_regret": 4.126117706298828}
{"seed": 4, "user": 8, "rho": 0.0, "strategy": "random", "final_regret": 1.025787353515625}
{"seed": 4, "user": 8, "rho": 0.0, "strategy": "bald", "final_regret": 5.734279632568359}
{"seed": 4, "user": 8, "rho": 0.0, "strategy": "voi", "final_regret": 0.08683013916015625}
{"seed": 4, "user": 8, "rho": 0.0, "strategy": "oracle", "final_regret": 0.011260986328125}
{"seed": 4, "user": 9, "rho": 0.0, "strategy": "random", "final_regret": 1.7425832748413086}
{"seed": 4, "user": 9, "rho": 0.0, "strategy": "bald", "final_regret": 5.993653297424316}
{"seed": 4, "user": 9, "rho": 0.0, "strategy": "voi", "final_regret": 5.934941291809082}
{"seed": 4, "user": 9, "rho": 0.0, "strategy": "oracle", "final_regret": 0.01486968994140625}
{"seed": 4, "user": 10, "rho": 0.0, "strategy": "random", "final_regret": 1.5903890132904053}
{"seed": 4, "user": 10, "rho": 0.0, "strategy": "bald", "final_regret": 1.548349142074585}
{"seed": 4, "user": 10, "rho": 0.0, "strategy": "voi", "final_regret": 1.5486910343170166}
{"seed": 4, "user": 10, "rho": 0.0, "strategy": "oracle", "final_regret": 0.12726783752441406}
{"seed": 4, "user": 11, "rho": 0.0, "strategy": "random", "final_regret": 1.5159621238708496}
{"seed": 4, "user": 11, "rho": 0.0, "strategy": "bald", "final_regret": 0.0854635238647461}
{"seed": 4, "user": 11, "rho": 0.0, "strategy": "voi", "final_regret": 1.950387954711914}
{"seed": 4, "user": 11, "rho": 0.0, "strategy": "oracle", "final_regret": 0.0063076019287109375}
{"seed": 5, "user": 0, "rho": 0.0, "strategy": "random", "final_regret": 0.5082263946533203}
{"seed": 5, "user": 0, "rho": 0.0, "strategy": "bald", "final_regret": 0.7899436950683594}
{"seed": 5, "user": 0, "rho": 0.0, "strategy": "voi", "final_regret": 0.4556159973144531}
{"seed": 5, "user": 0, "rho": 0.0, "strategy": "oracle", "final_regret": 1.180379867553711}
{"seed": 5, "user": 1, "rho": 0.0, "strategy": "random", "final_regret": 1.316753625869751}
{"seed": 5, "user": 1, "rho": 0.0, "strategy": "bald", "final_regret": 0.46182680130004883}
{"seed": 5, "user": 1, "rho": 0.0, "strategy": "voi", "final_regret": -1.239776611328125e-05}
{"seed": 5, "user": 1, "rho": 0.0, "strategy": "oracle", "final_regret": -1.239776611328125e-05}
{"seed": 5, "user": 2, "rho": 0.0, "strategy": "random", "final_regret": 6.329871654510498}
{"seed": 5, "user": 2, "rho": 0.0, "strategy": "bald", "final_regret": 5.781338214874268}
{"seed": 5, "user": 2, "rho": 0.0, "strategy": "voi", "final_regret": 0.053997039794921875}
{"seed": 5, "user": 2, "rho": 0.0, "strategy": "oracle", "final_regret": 0.6247234344482422}
{"seed": 5, "user": 3, "rho": 0.0, "strategy": "random", "final_regret": 1.0935859680175781}
{"seed": 5, "user": 3, "rho": 0.0, "strategy": "bald", "final_regret": 1.0935859680175781}
{"seed": 5, "user": 3, "rho": 0.0, "strategy": "voi", "final_regret": 0.04659557342529297}
{"seed": 5, "user": 3, "rho": 0.0, "strategy": "oracle", "final_regret": 0.2817544937133789}
{"seed": 5, "user": 4, "rho": 0.0, "strategy": "random", "final_regret": -1.430511474609375e-05}
{"seed": 5, "user": 4, "rho": 0.0, "strategy": "bald", "final_regret": 0.3252735137939453}
{"seed": 5, "user": 4, "rho": 0.0, "strategy": "voi", "final_regret": 1.7420578002929688}
{"seed": 5, "user": 4, "rho": 0.0, "strategy": "oracle", "final_regret": 0.009869575500488281}
{"seed": 5, "user": 5, "rho": 0.0, "strategy": "random", "final_regret": 2.067368268966675}
{"seed": 5, "user": 5, "rho": 0.0, "strategy": "bald", "final_regret": 1.7025885581970215}
{"seed": 5, "user": 5, "rho": 0.0, "strategy": "voi", "final_regret": 0.003983974456787109}
{"seed": 5, "user": 5, "rho": 0.0, "strategy": "oracle", "final_regret": 0.0028401613235473633}
{"seed": 5, "user": 6, "rho": 0.0, "strategy": "random", "final_regret": 7.493458271026611}
{"seed": 5, "user": 6, "rho": 0.0, "strategy": "bald", "final_regret": 5.05991268157959}
{"seed": 5, "user": 6, "rho": 0.0, "strategy": "voi", "final_regret": 4.706428527832031}
{"seed": 5, "user": 6, "rho": 0.0, "strategy": "oracle", "final_regret": 4.706428527832031}
{"seed": 5, "user": 7, "rho": 0.0, "strategy": "random", "final_regret": 3.502617359161377}
{"seed": 5, "user": 7, "rho": 0.0, "strategy": "bald", "final_regret": 2.2802886962890625}
{"seed": 5, "user": 7, "rho": 0.0, "strategy": "voi", "final_regret": 4.138609886169434}
{"seed": 5, "user": 7, "rho": 0.0, "strategy": "oracle", "final_regret": 0.08045482635498047}
{"seed": 5, "user": 8, "rho": 0.0, "strategy": "random", "final_regret": 0.2898998260498047}
{"seed": 5, "user": 8, "rho": 0.0, "strategy": "bald", "final_regret": 1.8625996112823486}
{"seed": 5, "user": 8, "rho": 0.0, "strategy": "voi", "final_regret": 2.0686092376708984}
{"seed": 5, "user": 8, "rho": 0.0, "strategy": "oracle", "final_regret": 0.27848052978515625}
{"seed": 5, "user": 9, "rho": 0.0, "strategy": "random", "final_regret": 0.20816802978515625}
{"seed": 5, "user": 9, "rho": 0.0, "strategy": "bald", "final_regret": 0.26949119567871094}
{"seed": 5, "user": 9, "rho": 0.0, "strategy": "voi", "final_regret": 1.4180984497070312}
{"seed": 5, "user": 9, "rho": 0.0, "strategy": "oracle", "final_regret": 0.015760421752929688}
{"seed": 5, "user": 10, "rho": 0.0, "strategy": "random", "final_regret": 2.505584716796875}
{"seed": 5, "user": 10, "rho": 0.0, "strategy": "bald", "final_regret": 0.03997993469238281}
{"seed": 5, "user": 10, "rho": 0.0, "strategy": "voi", "final_regret": 0.03997993469238281}
{"seed": 5, "user": 10, "rho": 0.0, "strategy": "oracle", "final_regret": 2.446767807006836}
{"seed": 5, "user": 11, "rho": 0.0, "strategy": "random", "final_regret": -1.4781951904296875e-05}
{"seed": 5, "user": 11, "rho": 0.0, "strategy": "bald", "final_regret": -1.4781951904296875e-05}
{"seed": 5, "user": 11, "rho": 0.0, "strategy": "voi", "final_regret": 4.734882354736328}
{"seed": 5, "user": 11, "rho": 0.0, "strategy": "oracle", "final_regret": -1.4781951904296875e-05}
{"seed": 6, "user": 0, "rho": 0.0, "strategy": "random", "final_regret": 0.3762168884277344}
{"seed": 6, "user": 0, "rho": 0.0, "strategy": "bald", "final_regret": 0.39504241943359375}
{"seed": 6, "user": 0, "rho": 0.0, "strategy": "voi", "final_regret": 0.09058189392089844}
{"seed": 6, "user": 0, "rho": 0.0, "strategy": "oracle", "final_regret": -1.9073486328125e-05}
{"seed": 6, "user": 1, "rho": 0.0, "strategy": "random", "final_regret": 5.346428394317627}
{"seed": 6, "user": 1, "rho": 0.0, "strategy": "bald", "final_regret": 3.390986680984497}
{"seed": 6, "user": 1, "rho": 0.0, "strategy": "voi", "final_regret": 0.0017533302307128906}
{"seed": 6, "user": 1, "rho": 0.0, "strategy": "oracle", "final_regret": 0.1078190803527832}
{"seed": 6, "user": 2, "rho": 0.0, "strategy": "random", "final_regret": 1.5142803192138672}
{"seed": 6, "user": 2, "rho": 0.0, "strategy": "bald", "final_regret": 1.5321307182312012}
{"seed": 6, "user": 2, "rho": 0.0, "strategy": "voi", "final_regret": 1.2088706493377686}
{"seed": 6, "user": 2, "rho": 0.0, "strategy": "oracle", "final_regret": 0.18321317434310913}
{"seed": 6, "user": 3, "rho": 0.0, "strategy": "random", "final_regret": 1.2923946380615234}
{"seed": 6, "user": 3, "rho": 0.0, "strategy": "bald", "final_regret": 16.040719985961914}
{"seed": 6, "user": 3, "rho": 0.0, "strategy": "voi", "final_regret": 5.062778472900391}
{"seed": 6, "user": 3, "rho": 0.0, "strategy": "oracle", "final_regret": 1.1523876190185547}
{"seed": 6, "user": 4, "rho": 0.0, "strategy": "random", "final_regret": 2.294928789138794}
{"seed": 6, "user": 4, "rho": 0.0, "strategy": "bald", "final_regret": 4.64157247543335}
{"seed": 6, "user": 4, "rho": 0.0, "strategy": "voi", "final_regret": 0.7223813533782959}
{"seed": 6, "user": 4, "rho": 0.0, "strategy": "oracle", "final_regret": 0.551079511642456}
{"seed": 6, "user": 5, "rho": 0.0, "strategy": "random", "final_regret": 5.235939025878906}
{"seed": 6, "user": 5, "rho": 0.0, "strategy": "bald", "final_regret": 5.67498779296875}
{"seed": 6, "user": 5, "rho": 0.0, "strategy": "voi", "final_regret": 5.424610137939453}
{"seed": 6, "user": 5, "rho": 0.0, "strategy": "oracle", "final_regret": 0.08449745178222656}
{"seed": 6, "user": 6, "rho": 0.0, "strategy": "random", "final_regret": 4.455653190612793}
{"seed": 6, "user": 6, "rho": 0.0, "strategy": "bald", "final_regret": 4.620554447174072}
{"seed": 6, "user": 6, "rho": 0.0, "strategy": "voi", "final_regret": 0.19122743606567383}
{"seed": 6, "user": 6, "rho": 0.0, "strategy": "oracle", "final_regret": 0.11956381797790527}
{"seed": 6, "user": 7, "rho": 0.0, "strategy": "random", "final_regret": 0.0050411224365234375}
{"seed": 6, "user": 7, "rho": 0.0, "strategy": "bald", "final_regret": 9.132965087890625}
{"seed": 6, "user": 7, "rho": 0.0, "strategy": "voi", "final_regret": 0.09967231750488281}
{"seed": 6, "user": 7, "rho": 0.0, "strategy": "oracle", "final_regret": 7.771929740905762}
{"seed": 6, "user": 8, "rho": 0.0, "strategy": "random", "final_regret": 3.350646495819092}
{"seed": 6, "user": 8, "rho": 0.0, "strategy": "bald", "final_regret": 2.207407236099243}
{"seed": 6, "user": 8, "rho": 0.0, "strategy": "voi", "final_regret": 3.379120111465454}
{"seed": 6, "user": 8, "rho": 0.0, "strategy": "oracle", "final_regret": 1.1365214586257935}
{"seed": 6, "user": 9, "rho": 0.0, "strategy": "random", "final_regret": 5.832484245300293}
{"seed": 6, "user": 9, "rho": 0.0, "strategy": "bald", "final_regret": 4.492908477783203}
{"seed": 6, "user": 9, "rho": 0.0, "strategy": "voi", "final_regret": 5.953864574432373}
{"seed": 6, "user": 9, "rho": 0.0, "strategy": "oracle", "final_regret": 4.460760116577148}
{"seed": 6, "user": 10, "rho": 0.0, "strategy": "random", "final_regret": 0.5812070369720459}
{"seed": 6, "user": 10, "rho": 0.0, "strategy": "bald", "final_regret": 0.00803232192993164}
{"seed": 6, "user": 10, "rho": 0.0, "strategy": "voi", "final_regret": 0.007193088531494141}
{"seed": 6, "user": 10, "rho": 0.0, "strategy": "oracle", "final_regret": 0.029561281204223633}
{"seed": 6, "user": 11, "rho": 0.0, "strategy": "random", "final_regret": 5.659833908081055}
{"seed": 6, "user": 11, "rho": 0.0, "strategy": "bald", "final_regret": 6.656719207763672}
{"seed": 6, "user": 11, "rho": 0.0, "strategy": "voi", "final_regret": 6.643548011779785}
{"seed": 6, "user": 11, "rho": 0.0, "strategy": "oracle", "final_regret": 0.12771224975585938}
{"seed": 7, "user": 0, "rho": 0.0, "strategy": "random", "final_regret": 0.14075636863708496}
{"seed": 7, "user": 0, "rho": 0.0, "strategy": "bald", "final_regret": 0.04431939125061035}
{"seed": 7, "user": 0, "rho": 0.0, "strategy": "voi", "final_regret": 0.1407003402709961}
{"seed": 7, "user": 0, "rho": 0.0, "strategy": "oracle", "final_regret": 0.12585902214050293}
{"seed": 7, "user": 1, "rho": 0.0, "strategy": "random", "final_regret": 1.0386109352111816}
{"seed": 7, "user": 1, "rho": 0.0, "strategy": "bald", "final_regret": 1.028266191482544}
{"seed": 7, "user": 1, "rho": 0.0, "strategy": "voi", "final_regret": 0.873065710067749}
{"seed": 7, "user": 1, "rho": 0.0, "strategy": "oracle", "final_regret": 0.8341028690338135}
{"seed": 7, "user": 2, "rho": 0.0, "strategy": "random", "final_regret": 0.19470787048339844}
{"seed": 7, "user": 2, "rho": 0.0, "strategy": "bald", "final_regret": 0.21802711486816406}
{"seed": 7, "user": 2, "rho": 0.0, "strategy": "voi", "final_regret": 0.1358165740966797}
{"seed": 7, "user": 2, "rho": 0.0, "strategy": "oracle", "final_regret": 0.11005783081054688}
{"seed": 7, "user": 3, "rho": 0.0, "strategy": "random", "final_regret": 4.250543594360352}
{"seed": 7, "user": 3, "rho": 0.0, "strategy": "bald", "final_regret": 0.3167252540588379}
{"seed": 7, "user": 3, "rho": 0.0, "strategy": "voi", "final_regret": 0.2782280445098877}
{"seed": 7, "user": 3, "rho": 0.0, "strategy": "oracle", "final_regret": 0.03661513328552246}
{"seed": 7, "user": 4, "rho": 0.0, "strategy": "random", "final_regret": 0.299807071685791}
{"seed": 7, "user": 4, "rho": 0.0, "strategy": "bald", "final_regret": 0.4082458019256592}
{"seed": 7, "user": 4, "rho": 0.0, "strategy": "voi", "final_regret": 1.375056266784668}
{"seed": 7, "user": 4, "rho": 0.0, "strategy": "oracle", "final_regret": 0.48102879524230957}
{"seed": 7, "user": 5, "rho": 0.0, "strategy": "random", "final_regret": 0.03052520751953125}
{"seed": 7, "user": 5, "rho": 0.0, "strategy": "bald", "final_regret": 0.35256385803222656}
{"seed": 7, "user": 5, "rho": 0.0, "strategy": "voi", "final_regret": 0.08552360534667969}
{"seed": 7, "user": 5, "rho": 0.0, "strategy": "oracle", "final_regret": 0.06425094604492188}
{"seed": 7, "user": 6, "rho": 0.0, "strategy": "random", "final_regret": 8.582818984985352}
{"seed": 7, "user": 6, "rho": 0.0, "strategy": "bald", "final_regret": 1.1483665704727173}
{"seed": 7, "user": 6, "rho": 0.0, "strategy": "voi", "final_regret": 1.0938512086868286}
{"seed": 7, "user": 6, "rho": 0.0, "strategy": "oracle", "final_regret": 1.0719350576400757}
{"seed": 7, "user": 7, "rho": 0.0, "strategy": "random", "final_regret": 5.323606967926025}
{"seed": 7, "user": 7, "rho": 0.0, "strategy": "bald", "final_regret": 0.042667388916015625}
{"seed": 7, "user": 7, "rho": 0.0, "strategy": "voi", "final_regret": 5.334102153778076}
{"seed": 7, "user": 7, "rho": 0.0, "strategy": "oracle", "final_regret": 0.016940593719482422}
{"seed": 7, "user": 8, "rho": 0.0, "strategy": "random", "final_regret": 0.24069595336914062}
{"seed": 7, "user": 8, "rho": 0.0, "strategy": "bald", "final_regret": 0.10334396362304688}
{"seed": 7, "user": 8, "rho": 0.0, "strategy": "voi", "final_regret": 0.11040115356445312}
{"seed": 7, "user": 8, "rho": 0.0, "strategy": "oracle", "final_regret": 0.16640090942382812}
{"seed": 7, "user": 9, "rho": 0.0, "strategy": "random", "final_regret": 0.25101280212402344}
{"seed": 7, "user": 9, "rho": 0.0, "strategy": "bald", "final_regret": 0.16396236419677734}
{"seed": 7, "user": 9, "rho": 0.0, "strategy": "voi", "final_regret": 0.2603464126586914}
{"seed": 7, "user": 9, "rho": 0.0, "strategy": "oracle", "final_regret": 0.02582073211669922}
{"seed": 7, "user": 10, "rho": 0.0, "strategy": "random", "final_regret": 0.030426025390625}
{"seed": 7, "user": 10, "rho": 0.0, "strategy": "bald", "final_regret": 0.13214898109436035}
{"seed": 7, "user": 10, "rho": 0.0, "strategy": "voi", "final_regret": 0.23243141174316406}
{"seed": 7, "user": 10, "rho": 0.0, "strategy": "oracle", "final_regret": 0.024887800216674805}
{"seed": 7, "user": 11, "rho": 0.0, "strategy": "random", "final_regret": 4.032392978668213}
{"seed": 7, "user": 11, "rho": 0.0, "strategy": "bald", "final_regret": 4.21135950088501}
{"seed": 7, "user": 11, "rho": 0.0, "strategy": "voi", "final_regret": 4.205621242523193}
{"seed": 7, "user": 11, "rho": 0.0, "strategy": "oracle", "final_regret": 0.022006511688232422}
{"seed": 8, "user": 0, "rho": 0.0, "strategy": "random", "final_regret": 3.3495664596557617}
{"seed": 8, "user": 0, "rho": 0.0, "strategy": "bald", "final_regret": 0.04870033264160156}
{"seed": 8, "user": 0, "rho": 0.0, "strategy": "voi", "final_regret": 0.01439666748046875}
{"seed": 8, "user": 0, "rho": 0.0, "strategy": "oracle", "final_regret": 0.012052536010742188}
{"seed": 8, "user": 1, "rho": 0.0, "strategy": "random", "final_regret": 2.0333080291748047}
{"seed": 8, "user": 1, "rho": 0.0, "strategy": "bald", "final_regret": 0.1629171371459961}
{"seed": 8, "user": 1, "rho": 0.0, "strategy": "voi", "final_regret": 0.8049240112304688}
{"seed": 8, "user": 1, "rho": 0.0, "strategy": "oracle", "final_regret": 0.7931013107299805}
{"seed": 8, "user": 2, "rho": 0.0, "strategy": "random", "final_regret": 1.582773208618164}
{"seed": 8, "user": 2, "rho": 0.0, "strategy": "bald", "final_regret": 1.5262908935546875}
{"seed": 8, "user": 2, "rho": 0.0, "strategy": "voi", "final_regret": 1.507131576538086}
{"seed": 8, "user": 2, "rho": 0.0, "strategy": "oracle", "final_regret": 1.5085906982421875}
{"seed": 8, "user": 3, "rho": 0.0, "strategy": "random", "final_regret": 0.6043977737426758}
{"seed": 8, "user": 3, "rho": 0.0, "strategy": "bald", "final_regret": 5.607413291931152}
{"seed": 8, "user": 3, "rho": 0.0, "strategy": "voi", "final_regret": 5.434293746948242}
{"seed": 8, "user": 3, "rho": 0.0, "strategy": "oracle", "final_regret": 0.11219406127929688}
{"seed": 8, "user": 4, "rho": 0.0, "strategy": "random", "final_regret": 3.8891658782958984}
{"seed": 8, "user": 4, "rho": 0.0, "strategy": "bald", "final_regret": 6.630845069885254}
{"seed": 8, "user": 4, "rho": 0.0, "strategy": "voi", "final_regret": 0.08786678314208984}
{"seed": 8, "user": 4, "rho": 0.0, "strategy": "oracle", "final_regret": 0.02974224090576172}
{"seed": 8, "user": 5, "rho": 0.0, "strategy": "random", "final_regret": 7.89790153503418}
{"seed": 8, "user": 5, "rho": 0.0, "strategy": "bald", "final_regret": 0.0030241012573242188}
{"seed": 8, "user": 5, "rho": 0.0, "strategy": "voi", "final_regret": 4.148906707763672}
{"seed": 8, "user": 5, "rho": 0.0, "strategy": "oracle", "final_regret": 0.15912342071533203}
{"seed": 8, "user": 6, "rho": 0.0, "strategy": "random", "final_regret": 2.7833306789398193}
{"seed": 8, "user": 6, "rho": 0.0, "strategy": "bald", "final_regret": 6.736708641052246}
{"seed": 8, "user": 6, "rho": 0.0, "strategy": "voi", "final_regret": 13.886059761047363}
{"seed": 8, "user": 6, "rho": 0.0, "strategy": "oracle", "final_regret": 2.8016743659973145}
{"seed": 8, "user": 7, "rho": 0.0, "strategy": "random", "final_regret": 11.134143829345703}
{"seed": 8, "user": 7, "rho": 0.0, "strategy": "bald", "final_regret": 2.9485702514648438}
{"seed": 8, "user": 7, "rho": 0.0, "strategy": "voi", "final_regret": 2.338766098022461}
{"seed": 8, "user": 7, "rho": 0.0, "strategy": "oracle", "final_regret": 0.03578948974609375}
{"seed": 8, "user": 8, "rho": 0.0, "strategy": "random", "final_regret": 0.8786497116088867}
{"seed": 8, "user": 8, "rho": 0.0, "strategy": "bald", "final_regret": 0.6867656707763672}
{"seed": 8, "user": 8, "rho": 0.0, "strategy": "voi", "final_regret": 2.529165267944336}
{"seed": 8, "user": 8, "rho": 0.0, "strategy": "oracle", "final_regret": 0.6899328231811523}
{"seed": 8, "user": 9, "rho": 0.0, "strategy": "random", "final_regret": 2.2342591285705566}
{"seed": 8, "user": 9, "rho": 0.0, "strategy": "bald", "final_regret": 2.019044876098633}
{"seed": 8, "user": 9, "rho": 0.0, "strategy": "voi", "final_regret": 1.5779361724853516}
{"seed": 8, "user": 9, "rho": 0.0, "strategy": "oracle", "final_regret": 1.1752567291259766}
{"seed": 8, "user": 10, "rho": 0.0, "strategy": "random", "final_regret": 9.095312118530273}
{"seed": 8, "user": 10, "rho": 0.0, "strategy": "bald", "final_regret": 3.902247667312622}
{"seed": 8, "user": 10, "rho": 0.0, "strategy": "voi", "final_regret": 9.039749145507812}
{"seed": 8, "user": 10, "rho": 0.0, "strategy": "oracle", "final_regret": 2.2499840259552}
{"seed": 8, "user": 11, "rho": 0.0, "strategy": "random", "final_regret": 3.762063980102539}
{"seed": 8, "user": 11, "rho": 0.0, "strategy": "bald", "final_regret": 4.936036109924316}
{"seed": 8, "user": 11, "rho": 0.0, "strategy": "voi", "final_regret": 4.290280342102051}
{"seed": 8, "user": 11, "rho": 0.0, "strategy": "oracle", "final_regret": 3.725245475769043}
{"seed": 9, "user": 0, "rho": 0.0, "strategy": "random", "final_regret": 0.07427287101745605}
{"seed": 9, "user": 0, "rho": 0.0, "strategy": "bald", "final_regret": 0.08943557739257812}
{"seed": 9, "user": 0, "rho": 0.0, "strategy": "voi", "final_regret": 0.04683804512023926}
{"seed": 9, "user": 0, "rho": 0.0, "strategy": "oracle", "final_regret": 0.062070608139038086}
{"seed": 9, "user": 1, "rho": 0.0, "strategy": "random", "final_regret": 0.11793041229248047}
{"seed": 9, "user": 1, "rho": 0.0, "strategy": "bald", "final_regret": 0.0652308464050293}
{"seed": 9, "user": 1, "rho": 0.0, "strategy": "voi", "final_regret": 0.0973663330078125}
{"seed": 9, "user": 1, "rho": 0.0, "strategy": "oracle", "final_regret": -1.811981201171875e-05}
{"seed": 9, "user": 2, "rho": 0.0, "strategy": "random", "final_regret": 1.451411485671997}
{"seed": 9, "user": 2, "rho": 0.0, "strategy": "bald", "final_regret": 1.3084535598754883}
{"seed": 9, "user": 2, "rho": 0.0, "strategy": "voi", "final_regret": 1.312955379486084}
{"seed": 9, "user": 2, "rho": 0.0, "strategy": "oracle", "final_regret": 0.13689571619033813}
{"seed": 9, "user": 3, "rho": 0.0, "strategy": "random", "final_regret": 0.09171843528747559}
{"seed": 9, "user": 3, "rho": 0.0, "strategy": "bald", "final_regret": 0.11371660232543945}
{"seed": 9, "user": 3, "rho": 0.0, "strategy": "voi", "final_regret": 0.19462823867797852}
{"seed": 9, "user": 3, "rho": 0.0, "strategy": "oracle", "final_regret": 0.10946917533874512}
{"seed": 9, "user": 4, "rho": 0.0, "strategy": "random", "final_regret": 0.12492626905441284}
{"seed": 9, "user": 4, "rho": 0.0, "strategy": "bald", "final_regret": 2.4681129455566406}
{"seed": 9, "user": 4, "rho": 0.0, "strategy": "voi", "final_regret": 2.371713161468506}
{"seed": 9, "user": 4, "rho": 0.0, "strategy": "oracle", "final_regret": 0.40606391429901123}
{"seed": 9, "user": 5, "rho": 0.0, "strategy": "random", "final_regret": 1.1735467910766602}
{"seed": 9, "user": 5, "rho": 0.0, "strategy": "bald", "final_regret": 2.2885076999664307}
{"seed": 9, "user": 5, "rho": 0.0, "strategy": "voi", "final_regret": 4.456265449523926}
{"seed": 9, "user": 5, "rho": 0.0, "strategy": "oracle", "final_regret": 2.0833775997161865}
{"seed": 9, "user": 6, "rho": 0.0, "strategy": "random", "final_regret": 4.060052394866943}
{"seed": 9, "user": 6, "rho": 0.0, "strategy": "bald", "final_regret": 4.078173637390137}
{"seed": 9, "user": 6, "rho": 0.0, "strategy": "voi", "final_regret": 7.362736701965332}
{"seed": 9, "user": 6, "rho": 0.0, "strategy": "oracle", "final_regret": 0.22011184692382812}
{"seed": 9, "user": 7, "rho": 0.0, "strategy": "random", "final_regret": 2.432581901550293}
{"seed": 9, "user": 7, "rho": 0.0, "strategy": "bald", "final_regret": 0.09692192077636719}
{"seed": 9, "user": 7, "rho": 0.0, "strategy": "voi", "final_regret": 6.199604034423828}
{"seed": 9, "user": 7, "rho": 0.0, "strategy": "oracle", "final_regret": 0.0047855377197265625}
{"seed": 9, "user": 8, "rho": 0.0, "strategy": "random", "final_regret": 14.843144416809082}
{"seed": 9, "user": 8, "rho": 0.0, "strategy": "bald", "final_regret": 5.040099143981934}
{"seed": 9, "user": 8, "rho": 0.0, "strategy": "voi", "final_regret": 4.851005554199219}
{"seed": 9, "user": 8, "rho": 0.0, "strategy": "oracle", "final_regret": 0.09573745727539062}
{"seed": 9, "user": 9, "rho": 0.0, "strategy": "random", "final_regret": 0.30676665902137756}
{"seed": 9, "user": 9, "rho": 0.0, "strategy": "bald", "final_regret": 1.0671387910842896}
{"seed": 9, "user": 9, "rho": 0.0, "strategy": "voi", "final_regret": 1.4147731065750122}
{"seed": 9, "user": 9, "rho": 0.0, "strategy": "oracle", "final_regret": 0.24425503611564636}
{"seed": 9, "user": 10, "rho": 0.0, "strategy": "random", "final_regret": 0.06441259384155273}
{"seed": 9, "user": 10, "rho": 0.0, "strategy": "bald", "final_regret": 0.17310476303100586}
{"seed": 9, "user": 10, "rho": 0.0, "strategy": "voi", "final_regret": 0.1932225227355957}
{"seed": 9, "user": 10, "rho": 0.0, "strategy": "oracle", "final_regret": 0.1837306022644043}
{"seed": 9, "user": 11, "rho": 0.0, "strategy": "random", "final_regret": 0.4695791006088257}
{"seed": 9, "user": 11, "rho": 0.0, "strategy": "bald", "final_regret": 1.1385096311569214}
{"seed": 9, "user": 11, "rho": 0.0, "strategy": "voi", "final_regret": 0.47564244270324707}
{"seed": 9, "user": 11, "rho": 0.0, "strategy": "oracle", "final_regret": 0.42816162109375}
{"seed": 0, "user": 0, "rho": 0.25, "strategy": "random", "final_regret": 1.0359611511230469}
{"seed": 0, "user": 0, "rho": 0.25, "strategy": "bald", "final_regret": 0.019151687622070312}
{"seed": 0, "user": 0, "rho": 0.25, "strategy": "voi", "final_regret": -2.6702880859375e-05}
{"seed": 0, "user": 0, "rho": 0.25, "strategy": "oracle", "final_regret": -2.6702880859375e-05}
{"seed": 0, "user": 1, "rho": 0.25, "strategy": "random", "final_regret": 9.814781188964844}
{"seed": 0, "user": 1, "rho": 0.25, "strategy": "bald", "final_regret": 0.00302886962890625}
{"seed": 0, "user": 1, "rho": 0.25, "strategy": "voi", "final_regret": 0.018093109130859375}
{"seed": 0, "user": 1, "rho": 0.25, "strategy": "oracle", "final_regret": 0.0016841888427734375}
{"seed": 0, "user": 2, "rho": 0.25, "strategy": "random", "final_regret": 0.0494384765625}
{"seed": 0, "user": 2, "rho": 0.25, "strategy": "bald", "final_regret": 0.043209075927734375}
{"seed": 0, "user": 2, "rho": 0.25, "strategy": "voi", "final_regret": 0.5211677551269531}
{"seed": 0, "user": 2, "rho": 0.25, "strategy": "oracle", "final_regret": 0.0494384765625}
{"seed": 0, "user": 3, "rho": 0.25, "strategy": "random", "final_regret": 0.2635011672973633}
{"seed": 0, "user": 3, "rho": 0.25, "strategy": "bald", "final_regret": 1.811284065246582}
{"seed": 0, "user": 3, "rho": 0.25, "strategy": "voi", "final_regret": 1.6220283508300781}
{"seed": 0, "user": 3, "rho": 0.25, "strategy": "oracle", "final_regret": 0.25612831115722656}
{"seed": 0, "user": 4, "rho": 0.25, "strategy": "random", "final_regret": 1.1240158081054688}
{"seed": 0, "user": 4, "rho": 0.25, "strategy": "bald", "final_regret": 1.1240158081054688}
{"seed": 0, "user": 4, "rho": 0.25, "strategy": "voi", "final_regret": 1.1240158081054688}
{"seed": 0, "user": 4, "rho": 0.25, "strategy": "oracle", "final_regret": 1.1240158081054688}
{"seed": 0, "user": 5, "rho": 0.25, "strategy": "random", "final_regret": 6.059887409210205}
{"seed": 0, "user": 5, "rho": 0.25, "strategy": "bald", "final_regret": 3.7010655403137207}
{"seed": 0, "user": 5, "rho": 0.25, "strategy": "voi", "final_regret": 6.092922210693359}
{"seed": 0, "user": 5, "rho": 0.25, "strategy": "oracle", "final_regret": 3.5811080932617188}
{"seed": 0, "user": 6, "rho": 0.25, "strategy": "random", "final_regret": 1.1167449951171875}
{"seed": 0, "user": 6, "rho": 0.25, "strategy": "bald", "final_regret": 1.1490039825439453}
{"seed": 0, "user": 6, "rho": 0.25, "strategy": "voi", "final_regret": 1.119485855102539}
{"seed": 0, "user": 6, "rho": 0.25, "strategy": "oracle", "final_regret": 1.145294189453125}
{"seed": 0, "user": 7, "rho": 0.25, "strategy": "random", "final_regret": 6.294642448425293}
{"seed": 0, "user": 7, "rho": 0.25, "strategy": "bald", "final_regret": 3.744269371032715}
{"seed": 0, "user": 7, "rho": 0.25, "strategy": "voi", "final_regret": 6.337257385253906}
{"seed": 0, "user": 7, "rho": 0.25, "strategy": "oracle", "final_regret": 0.3436851501464844}
{"seed": 0, "user": 8, "rho": 0.25, "strategy": "random", "final_regret": -2.288818359375e-05}
{"seed": 0, "user": 8, "rho": 0.25, "strategy": "bald", "final_regret": -2.288818359375e-05}
{"seed": 0, "user": 8, "rho": 0.25, "strategy": "voi", "final_regret": -2.288818359375e-05}
{"seed": 0, "user": 8, "rho": 0.25, "strategy": "oracle", "final_regret": -2.288818359375e-05}
{"seed": 0, "user": 9, "rho": 0.25, "strategy": "random", "final_regret": 6.288589000701904}
{"seed": 0, "user": 9, "rho": 0.25, "strategy": "bald", "final_regret": 3.0243453979492188}
{"seed": 0, "user": 9, "rho": 0.25, "strategy": "voi", "final_regret": 3.545783281326294}
{"seed": 0, "user": 9, "rho": 0.25, "strategy": "oracle", "final_regret": 4.492499828338623}
{"seed": 0, "user": 10, "rho": 0.25, "strategy": "random", "final_regret": 1.2295570373535156}
{"seed": 0, "user": 10, "rho": 0.25, "strategy": "bald", "final_regret": 1.2295570373535156}
{"seed": 0, "user": 10, "rho": 0.25, "strategy": "voi", "final_regret": 0.012559890747070312}
{"seed": 0, "user": 10, "rho": 0.25, "strategy": "oracle", "final_regret": 1.2295570373535156}
{"seed": 0, "user": 11, "rho": 0.25, "strategy": "random", "final_regret": 1.2301799058914185}
{"seed": 0, "user": 11, "rho": 0.25, "strategy": "bald", "final_regret": 6.084776401519775}
{"seed": 0, "user": 11, "rho": 0.25, "strategy": "voi", "final_regret": 6.665407180786133}
{"seed": 0, "user": 11, "rho": 0.25, "strategy": "oracle", "final_regret": 0.05505871772766113}
{"seed": 1, "user": 0, "rho": 0.25, "strategy": "random", "final_regret": 0.7227456569671631}
{"seed": 1, "user": 0, "rho": 0.25, "strategy": "bald", "final_regret": 0.21521350741386414}
{"seed": 1, "user": 0, "rho": 0.25, "strategy": "voi", "final_regret": 0.15484687685966492}
{"seed": 1, "user": 0, "rho": 0.25, "strategy": "oracle", "final_regret": 0.02925160527229309}
{"seed": 1, "user": 1, "rho": 0.25, "strategy": "random", "final_regret": 0.9556878805160522}
{"seed": 1, "user": 1, "rho": 0.25, "strategy": "bald", "final_regret": 3.4136805534362793}
{"seed": 1, "user": 1, "rho": 0.25, "strategy": "voi", "final_regret": 0.05817079544067383}
{"seed": 1, "user": 1, "rho": 0.25, "strategy": "oracle", "final_regret": 0.020295381546020508}
{"seed": 1, "user": 2, "rho": 0.25, "strategy": "random", "final_regret": 10.780303955078125}
{"seed": 1, "user": 2, "rho": 0.25, "strategy": "bald", "final_regret": 0.14809656143188477}
{"seed": 1, "user": 2, "rho": 0.25, "strategy": "voi", "final_regret": 0.022249937057495117}
{"seed": 1, "user": 2, "rho": 0.25, "strategy": "oracle", "final_regret": 0.013952255249023438}
{"seed": 1, "user": 3, "rho": 0.25, "strategy": "random", "final_regret": 6.660467147827148}
{"seed": 1, "user": 3, "rho": 0.25, "strategy": "bald", "final_regret": 6.020866870880127}
{"seed": 1, "user": 3, "rho": 0.25, "strategy": "voi", "final_regret": 4.008664608001709}
{"seed": 1, "user": 3, "rho": 0.25, "strategy": "oracle", "final_regret": 4.119274139404297}
{"seed": 1, "user": 4, "rho": 0.25, "strategy": "random", "final_regret": 4.9195404052734375}
{"seed": 1, "user": 4, "rho": 0.25, "strategy": "bald", "final_regret": 1.7299957275390625}
{"seed": 1, "user": 4, "rho": 0.25, "strategy": "voi", "final_regret": 1.6030726432800293}
{"seed": 1, "user": 4, "rho": 0.25, "strategy": "oracle", "final_regret": 1.607337474822998}
{"seed": 1, "user": 5, "rho": 0.25, "strategy": "random", "final_regret": 0.32624346017837524}
{"seed": 1, "user": 5, "rho": 0.25, "strategy": "bald", "final_regret": 3.882544994354248}
{"seed": 1, "user": 5, "rho": 0.25, "strategy": "voi", "final_regret": 0.2677733302116394}
{"seed": 1, "user": 5, "rho": 0.25, "strategy": "oracle", "final_regret": 0.018620550632476807}
{"seed": 1, "user": 6, "rho": 0.25, "strategy": "random", "final_regret": 2.638115882873535}
{"seed": 1, "user": 6, "rho": 0.25, "strategy": "bald", "final_regret": 5.041365623474121}
{"seed": 1, "user": 6, "rho": 0.25, "strategy": "voi", "final_regret": 2.75716495513916}
{"seed": 1, "user": 6, "rho": 0.25, "strategy": "oracle", "final_regret": 2.4218568801879883}
{"seed": 1, "user": 7, "rho": 0.25, "strategy": "random", "final_regret": 2.7106590270996094}
{"seed": 1, "user": 7, "rho": 0.25, "strategy": "bald", "final_regret": 2.794736862182617}
{"seed": 1, "user": 7, "rho": 0.25, "strategy": "voi", "final_regret": 2.658203125}
{"seed": 1, "user": 7, "rho": 0.25, "strategy": "oracle", "final_regret": 2.3776397705078125}
{"seed": 1, "user": 8, "rho": 0.25, "strategy": "random", "final_regret": 3.3833346366882324}
{"seed": 1, "user": 8, "rho": 0.25, "strategy": "bald", "final_regret": 6.683149814605713}
{"seed": 1, "user": 8, "rho": 0.25, "strategy": "voi", "final_regret": 5.48054313659668}
{"seed": 1, "user": 8, "rho": 0.25, "strategy": "oracle", "final_regret": 1.221963882446289}
{"seed": 1, "user": 9, "rho": 0.25, "strategy": "random", "final_regret": 2.847662925720215}
{"seed": 1, "user": 9, "rho": 0.25, "strategy": "bald", "final_regret": 2.154022216796875}
{"seed": 1, "user": 9, "rho": 0.25, "strategy": "voi", "final_regret": 2.069122314453125}
{"seed": 1, "user": 9, "rho": 0.25, "strategy": "oracle", "final_regret": 0.10349178314208984}
{"seed": 1, "user": 10, "rho": 0.25, "strategy": "random", "final_regret": 0.15593528747558594}
{"seed": 1, "user": 10, "rho": 0.25, "strategy": "bald", "final_regret": 4.407135009765625}
{"seed": 1, "user": 10, "rho": 0.25, "strategy": "voi", "final_regret": 8.211649894714355}
{"seed": 1, "user": 10, "rho": 0.25, "strategy": "oracle", "final_regret": 3.298600196838379}
{"seed": 1, "user": 11, "rho": 0.25, "strategy": "random", "final_regret": 0.10215616226196289}
{"seed": 1, "user": 11, "rho": 0.25, "strategy": "bald", "final_regret": 0.10215616226196289}
{"seed": 1, "user": 11, "rho": 0.25, "strategy": "voi", "final_regret": 0.10215616226196289}
{"seed": 1, "user": 11, "rho": 0.25, "strategy": "oracle", "final_regret": 0.08654642105102539}
{"seed": 2, "user": 0, "rho": 0.25, "strategy": "random", "final_regret": 1.8557698726654053}
{"seed": 2, "user": 0, "rho": 0.25, "strategy": "bald", "final_regret": 0.1502211093902588}
{"seed": 2, "user": 0, "rho": 0.25, "strategy": "voi", "final_regret": 0.02049398422241211}
{"seed": 2, "user": 0, "rho": 0.25, "strategy": "oracle", "final_regret": 0.0010890960693359375}
{"seed": 2, "user": 1, "rho": 0.25, "strategy": "random", "final_regret": 0.34785938262939453}
{"seed": 2, "user": 1, "rho": 0.25, "strategy": "bald", "final_regret": 0.047223567962646484}
{"seed": 2, "user": 1, "rho": 0.25, "strategy": "voi", "final_regret": 9.084895133972168}
{"seed": 2, "user": 1, "rho": 0.25, "strategy": "oracle", "final_regret": 0.020831942558288574}
{"seed": 2, "user": 2, "rho": 0.25, "strategy": "random", "final_regret": 1.8891105651855469}
{"seed": 2, "user": 2, "rho": 0.25, "strategy": "bald", "final_regret": 3.0666661262512207}
{"seed": 2, "user": 2, "rho": 0.25, "strategy": "voi", "final_regret": 0.45508909225463867}
{"seed": 2, "user": 2, "rho": 0.25, "strategy": "oracle", "final_regret": 0.46753740310668945}
{"seed": 2, "user": 3, "rho": 0.25, "strategy": "random", "final_regret": 5.150967597961426}
{"seed": 2, "user": 3, "rho": 0.25, "strategy": "bald", "final_regret": 0.04892587661743164}
{"seed": 2, "user": 3, "rho": 0.25, "strategy": "voi", "final_regret": 0.04892587661743164}
{"seed": 2, "user": 3, "rho": 0.25, "strategy": "oracle", "final_regret": 0.04892587661743164}
{"seed": 2, "user": 4, "rho": 0.25, "strategy": "random", "final_regret": 0.007156848907470703}
{"seed": 2, "user": 4, "rho": 0.25, "strategy": "bald", "final_regret": 3.4025843143463135}
{"seed": 2, "user": 4, "rho": 0.25, "strategy": "voi", "final_regret": 7.514149188995361}
{"seed": 2, "user": 4, "rho": 0.25, "strategy": "oracle", "final_regret": 0.007156848907470703}
{"seed": 2, "user": 5, "rho": 0.25, "strategy": "random", "final_regret": 4.025782585144043}
{"seed": 2, "user": 5, "rho": 0.25, "strategy": "bald", "final_regret": 1.942406415939331}
{"seed": 2, "user": 5, "rho": 0.25, "strategy": "voi", "final_regret": 0.27115297317504883}
{"seed": 2, "user": 5, "rho": 0.25, "strategy": "oracle", "final_regret": 1.7350566387176514}
{"seed": 2, "user": 6, "rho": 0.25, "strategy": "random", "final_regret": 0.06600689888000488}
{"seed": 2, "user": 6, "rho": 0.25, "strategy": "bald", "final_regret": 2.8343558311462402}
{"seed": 2, "user": 6, "rho": 0.25, "strategy": "voi", "final_regret": 1.60513174533844}
{"seed": 2, "user": 6, "rho": 0.25, "strategy": "oracle", "final_regret": 0.061041951179504395}
{"seed": 2, "user": 7, "rho": 0.25, "strategy": "random", "final_regret": 0.23667573928833008}
{"seed": 2, "user": 7, "rho": 0.25, "strategy": "bald", "final_regret": 0.4499473571777344}
{"seed": 2, "user": 7, "rho": 0.25, "strategy": "voi", "final_regret": 0.07905268669128418}
{"seed": 2, "user": 7, "rho": 0.25, "strategy": "oracle", "final_regret": 0.014835119247436523}
{"seed": 2, "user": 8, "rho": 0.25, "strategy": "random", "final_regret": 11.455224990844727}
{"seed": 2, "user": 8, "rho": 0.25, "strategy": "bald", "final_regret": 0.053547441959381104}
{"seed": 2, "user": 8, "rho": 0.25, "strategy": "voi", "final_regret": 0.6646285057067871}
{"seed": 2, "user": 8, "rho": 0.25, "strategy": "oracle", "final_regret": 1.032418966293335}
{"seed": 2, "user": 9, "rho": 0.25, "strategy": "random", "final_regret": 1.956660270690918}
{"seed": 2, "user": 9, "rho": 0.25, "strategy": "bald", "final_regret": 3.7616405487060547}
{"seed": 2, "user": 9, "rho": 0.25, "strategy": "voi", "final_regret": 2.6508617401123047}
{"seed": 2, "user": 9, "rho": 0.25, "strategy": "oracle", "final_regret": 0.1679983139038086}
{"seed": 2, "user": 10, "rho": 0.25, "strategy": "random", "final_regret": 0.12068307399749756}
{"seed": 2, "user": 10, "rho": 0.25, "strategy": "bald", "final_regret": 4.191009998321533}
{"seed": 2, "user": 10, "rho": 0.25, "strategy": "voi", "final_regret": 2.5652174949645996}
{"seed": 2, "user": 10, "rho": 0.25, "strategy": "oracle", "final_regret": 0.6591525077819824}
{"seed": 2, "user": 11, "rho": 0.25, "strategy": "random", "final_regret": 1.508498191833496}
{"seed": 2, "user": 11, "rho": 0.25, "strategy": "bald", "final_regret": 0.0047855377197265625}
{"seed": 2, "user": 11, "rho": 0.25, "strategy": "voi", "final_regret": 0.0047855377197265625}
{"seed": 2, "user": 11, "rho": 0.25, "strategy": "oracle", "final_regret": 0.0017757415771484375}
{"seed": 3, "user": 0, "rho": 0.25, "strategy": "random", "final_regret": 0.9052486419677734}
{"seed": 3, "user": 0, "rho": 0.25, "strategy": "bald", "final_regret": 3.190542697906494}
{"seed": 3, "user": 0, "rho": 0.25, "strategy": "voi", "final_regret": 0.35470151901245117}
{"seed": 3, "user": 0, "rho": 0.25, "strategy": "oracle", "final_regret": 0.30670642852783203}
{"seed": 3, "user": 1, "rho": 0.25, "strategy": "random", "final_regret": 1.6810598373413086}
{"seed": 3, "user": 1, "rho": 0.25, "strategy": "bald", "final_regret": 0.00893402099609375}
{"seed": 3, "user": 1, "rho": 0.25, "strategy": "voi", "final_regret": 0.008677482604980469}
{"seed": 3, "user": 1, "rho": 0.25, "strategy": "oracle", "final_regret": 0.0002574920654296875}
{"seed": 3, "user": 2, "rho": 0.25, "strategy": "random", "final_regret": 0.028497695922851562}
{"seed": 3, "user": 2, "rho": 0.25, "strategy": "bald", "final_regret": 0.07416725158691406}
{"seed": 3, "user": 2, "rho": 0.25, "strategy": "voi", "final_regret": 0.28011131286621094}
{"seed": 3, "user": 2, "rho": 0.25, "strategy": "oracle", "final_regret": 0.2581596374511719}
{"seed": 3, "user": 3, "rho": 0.25, "strategy": "random", "final_regret": 1.9179091453552246}
{"seed": 3, "user": 3, "rho": 0.25, "strategy": "bald", "final_regret": 0.9112648963928223}
{"seed": 3, "user": 3, "rho": 0.25, "strategy": "voi", "final_regret": 2.405656337738037}
{"seed": 3, "user": 3, "rho": 0.25, "strategy": "oracle", "final_regret": 0.10307741165161133}
{"seed": 3, "user": 4, "rho": 0.25, "strategy": "random", "final_regret": 0.6165771484375}
{"seed": 3, "user": 4, "rho": 0.25, "strategy": "bald", "final_regret": 0.586700439453125}
{"seed": 3, "user": 4, "rho": 0.25, "strategy": "voi", "final_regret": 0.60394287109375}
{"seed": 3, "user": 4, "rho": 0.25, "strategy": "oracle", "final_regret": 0.006862640380859375}
{"seed": 3, "user": 5, "rho": 0.25, "strategy": "random", "final_regret": 4.283858776092529}
{"seed": 3, "user": 5, "rho": 0.25, "strategy": "bald", "final_regret": 1.3789544105529785}
{"seed": 3, "user": 5, "rho": 0.25, "strategy": "voi", "final_regret": 1.4536142349243164}
{"seed": 3, "user": 5, "rho": 0.25, "strategy": "oracle", "final_regret": 0.12115001678466797}
{"seed": 3, "user": 6, "rho": 0.25, "strategy": "random", "final_regret": 7.4246978759765625}
{"seed": 3, "user": 6, "rho": 0.25, "strategy": "bald", "final_regret": 8.240392684936523}
{"seed": 3, "user": 6, "rho": 0.25, "strategy": "voi", "final_regret": 7.9507646560668945}
{"seed": 3, "user": 6, "rho": 0.25, "strategy": "oracle", "final_regret": 1.4957866668701172}
{"seed": 3, "user": 7, "rho": 0.25, "strategy": "random", "final_regret": 5.14185905456543}
{"seed": 3, "user": 7, "rho": 0.25, "strategy": "bald", "final_regret": 0.4977703094482422}
{"seed": 3, "user": 7, "rho": 0.25, "strategy": "voi", "final_regret": 0.2560262680053711}
{"seed": 3, "user": 7, "rho": 0.25, "strategy": "oracle", "final_regret": 0.39652347564697266}
{"seed": 3, "user": 8, "rho": 0.25, "strategy": "random", "final_regret": 1.1872529983520508}
{"seed": 3, "user": 8, "rho": 0.25, "strategy": "bald", "final_regret": 3.4553892612457275}
{"seed": 3, "user": 8, "rho": 0.25, "strategy": "voi", "final_regret": 2.5442628860473633}
{"seed": 3, "user": 8, "rho": 0.25, "strategy": "oracle", "final_regret": 1.2175631523132324}
{"seed": 3, "user": 9, "rho": 0.25, "strategy": "random", "final_regret": 0.06505775451660156}
{"seed": 3, "user": 9, "rho": 0.25, "strategy": "bald", "final_regret": 1.0567684173583984}
{"seed": 3, "user": 9, "rho": 0.25, "strategy": "voi", "final_regret": 1.0567684173583984}
{"seed": 3, "user": 9, "rho": 0.25, "strategy": "oracle", "final_regret": 0.05230712890625}
{"seed": 3, "user": 10, "rho": 0.25, "strategy": "random", "final_regret": 6.236520767211914}
{"seed": 3, "user": 10, "rho": 0.25, "strategy": "bald", "final_regret": 6.029146194458008}
{"seed": 3, "user": 10, "rho": 0.25, "strategy": "voi", "final_regret": 0.08458900451660156}
{"seed": 3, "user": 10, "rho": 0.25, "strategy": "oracle", "final_regret": 0.026727676391601562}
{"seed": 3, "user": 11, "rho": 0.25, "strategy": "random", "final_regret": 1.0724258422851562}
{"seed": 3, "user": 11, "rho": 0.25, "strategy": "bald", "final_regret": 2.2708845138549805}
{"seed": 3, "user": 11, "rho": 0.25, "strategy": "voi", "final_regret": 0.20061397552490234}
{"seed": 3, "user": 11, "rho": 0.25, "strategy": "oracle", "final_regret": 0.05369758605957031}
{"seed": 4, "user": 0, "rho": 0.25, "strategy": "random", "final_regret": 2.229132652282715}
{"seed": 4, "user": 0, "rho": 0.25, "strategy": "bald", "final_regret": 1.4051084518432617}
{"seed": 4, "user": 0, "rho": 0.25, "strategy": "voi", "final_regret": 0.5375118255615234}
{"seed": 4, "user": 0, "rho": 0.25, "strategy": "oracle", "final_regret": 0.023070335388183594}
{"seed": 4, "user": 1, "rho": 0.25, "strategy": "random", "final_regret": 0.030406951904296875}
{"seed": 4, "user": 1, "rho": 0.25, "strategy": "bald", "final_regret": 0.19114303588867188}
{"seed": 4, "user": 1, "rho": 0.25, "strategy": "voi", "final_regret": 0.18755722045898438}
{"seed": 4, "user": 1, "rho": 0.25, "strategy": "oracle", "final_regret": 0.017015457153320312}
{"seed": 4, "user": 2, "rho": 0.25, "strategy": "random", "final_regret": 0.3986988067626953}
{"seed": 4, "user": 2, "rho": 0.25, "strategy": "bald", "final_regret": 3.429107666015625}
{"seed": 4, "user": 2, "rho": 0.25, "strategy": "voi", "final_regret": 0.2378387451171875}
{"seed": 4, "user": 2, "rho": 0.25, "strategy": "oracle", "final_regret": 0.6602840423583984}
{"seed": 4, "user": 3, "rho": 0.25, "strategy": "random", "final_regret": 1.6875743865966797}
{"seed": 4, "user": 3, "rho": 0.25, "strategy": "bald", "final_regret": 2.653543472290039}
{"seed": 4, "user": 3, "rho": 0.25, "strategy": "voi", "final_regret": 2.653543472290039}
{"seed": 4, "user": 3, "rho": 0.25, "strategy": "oracle", "final_regret": 1.9507160186767578}
{"seed": 4, "user": 4, "rho": 0.25, "strategy": "random", "final_regret": 2.920231819152832}
{"seed": 4, "user": 4, "rho": 0.25, "strategy": "bald", "final_regret": 0.8791294097900391}
{"seed": 4, "user": 4, "rho": 0.25, "strategy": "voi", "final_regret": 0.8836746215820312}
{"seed": 4, "user": 4, "rho": 0.25, "strategy": "oracle", "final_regret": 2.2934703826904297}
{"seed": 4, "user": 5, "rho": 0.25, "strategy": "random", "final_regret": 7.6107177734375}
{"seed": 4, "user": 5, "rho": 0.25, "strategy": "bald", "final_regret": 3.0437028408050537}
{"seed": 4, "user": 5, "rho": 0.25, "strategy": "voi", "final_regret": 4.046782493591309}
{"seed": 4, "user": 5, "rho": 0.25, "strategy": "oracle", "final_regret": 2.258021593093872}
{"seed": 4, "user": 6, "rho": 0.25, "strategy": "random", "final_regret": 0.2564525604248047}
{"seed": 4, "user": 6, "rho": 0.25, "strategy": "bald", "final_regret": 0.9230613708496094}
{"seed": 4, "user": 6, "rho": 0.25, "strategy": "voi", "final_regret": 3.1445631980895996}
{"seed": 4, "user": 6, "rho": 0.25, "strategy": "oracle", "final_regret": 0.4172372817993164}
{"seed": 4, "user": 7, "rho": 0.25, "strategy": "random", "final_regret": 0.9057464599609375}
{"seed": 4, "user": 7, "rho": 0.25, "strategy": "bald", "final_regret": 0.8738737106323242}
{"seed": 4, "user": 7, "rho": 0.25, "strategy": "voi", "final_regret": 0.8525838851928711}
{"seed": 4, "user": 7, "rho": 0.25, "strategy": "oracle", "final_regret": 0.8788471221923828}
{"seed": 4, "user": 8, "rho": 0.25, "strategy": "random", "final_regret": 7.228490829467773}
{"seed": 4, "user": 8, "rho": 0.25, "strategy": "bald", "final_regret": 7.575994491577148}
{"seed": 4, "user": 8, "rho": 0.25, "strategy": "voi", "final_regret": 8.685413360595703}
{"seed": 4, "user": 8, "rho": 0.25, "strategy": "oracle", "final_regret": 0.06858444213867188}
{"seed": 4, "user": 9, "rho": 0.25, "strategy": "random", "final_regret": 5.294404029846191}
{"seed": 4, "user": 9, "rho": 0.25, "strategy": "bald", "final_regret": 2.324125289916992}
{"seed": 4, "user": 9, "rho": 0.25, "strategy": "voi", "final_regret": 3.0853042602539062}
{"seed": 4, "user": 9, "rho": 0.25, "strategy": "oracle", "final_regret": 0.05708122253417969}
{"seed": 4, "user": 10, "rho": 0.25, "strategy": "random", "final_regret": 0.05141490697860718}
{"seed": 4, "user": 10, "rho": 0.25, "strategy": "bald", "final_regret": 0.2687109112739563}
{"seed": 4, "user": 10, "rho": 0.25, "strategy": "voi", "final_regret": 3.357973337173462}
{"seed": 4, "user": 10, "rho": 0.25, "strategy": "oracle", "final_regret": 0.035140037536621094}
{"seed": 4, "user": 11, "rho": 0.25, "strategy": "random", "final_regret": 9.588201522827148}
{"seed": 4, "user": 11, "rho": 0.25, "strategy": "bald", "final_regret": 7.814454555511475}
{"seed": 4, "user": 11, "rho": 0.25, "strategy": "voi", "final_regret": 0.012784957885742188}
{"seed": 4, "user": 11, "rho": 0.25, "strategy": "oracle", "final_regret": 0.2103137969970703}
{"seed": 5, "user": 0, "rho": 0.25, "strategy": "random", "final_regret": 1.573110580444336}
{"seed": 5, "user": 0, "rho": 0.25, "strategy": "bald", "final_regret": 0.000904083251953125}
{"seed": 5, "user": 0, "rho": 0.25, "strategy": "voi", "final_regret": 5.172080039978027}
{"seed": 5, "user": 0, "rho": 0.25, "strategy": "oracle", "final_regret": 0.006923675537109375}
{"seed": 5, "user": 1, "rho": 0.25, "strategy": "random", "final_regret": 2.6028008460998535}
{"seed": 5, "user": 1, "rho": 0.25, "strategy": "bald", "final_regret": 2.6028008460998535}
{"seed": 5, "user": 1, "rho": 0.25, "strategy": "voi", "final_regret": 2.654142379760742}
{"seed": 5, "user": 1, "rho": 0.25, "strategy": "oracle", "final_regret": 0.017417192459106445}
{"seed": 5, "user": 2, "rho": 0.25, "strategy": "random", "final_regret": 1.6842947006225586}
{"seed": 5, "user": 2, "rho": 0.25, "strategy": "bald", "final_regret": 0.002239227294921875}
{"seed": 5, "user": 2, "rho": 0.25, "strategy": "voi", "final_regret": 1.8553495407104492}
{"seed": 5, "user": 2, "rho": 0.25, "strategy": "oracle", "final_regret": 2.538074493408203}
{"seed": 5, "user": 3, "rho": 0.25, "strategy": "random", "final_regret": 2.551572799682617}
{"seed": 5, "user": 3, "rho": 0.25, "strategy": "bald", "final_regret": 3.491130828857422}
{"seed": 5, "user": 3, "rho": 0.25, "strategy": "voi", "final_regret": 3.501588821411133}
{"seed": 5, "user": 3, "rho": 0.25, "strategy": "oracle", "final_regret": 2.0272655487060547}
{"seed": 5, "user": 4, "rho": 0.25, "strategy": "random", "final_regret": 1.8838295936584473}
{"seed": 5, "user": 4, "rho": 0.25, "strategy": "bald", "final_regret": 0.45981407165527344}
{"seed": 5, "user": 4, "rho": 0.25, "strategy": "voi", "final_regret": 1.9918880462646484}
{"seed": 5, "user": 4, "rho": 0.25, "strategy": "oracle", "final_regret": -1.239776611328125e-05}
{"seed": 5, "user": 5, "rho": 0.25, "strategy": "random", "final_regret": 0.8711643815040588}
{"seed": 5, "user": 5, "rho": 0.25, "strategy": "bald", "final_regret": 1.0100324153900146}
{"seed": 5, "user": 5, "rho": 0.25, "strategy": "voi", "final_regret": 0.9031896591186523}
{"seed": 5, "user": 5, "rho": 0.25, "strategy": "oracle", "final_regret": 0.8722230792045593}
{"seed": 5, "user": 6, "rho": 0.25, "strategy": "random", "final_regret": 0.36203575134277344}
{"seed": 5, "user": 6, "rho": 0.25, "strategy": "bald", "final_regret": 10.274755477905273}
{"seed": 5, "user": 6, "rho": 0.25, "strategy": "voi", "final_regret": 6.9019670486450195}
{"seed": 5, "user": 6, "rho": 0.25, "strategy": "oracle", "final_regret": 3.28116512298584}
{"seed": 5, "user": 7, "rho": 0.25, "strategy": "random", "final_regret": 7.073508262634277}
{"seed": 5, "user": 7, "rho": 0.25, "strategy": "bald", "final_regret": 1.5910978317260742}
{"seed": 5, "user": 7, "rho": 0.25, "strategy": "voi", "final_regret": 0.1375288963317871}
{"seed": 5, "user": 7, "rho": 0.25, "strategy": "oracle", "final_regret": 0.02778911590576172}
{"seed": 5, "user": 8, "rho": 0.25, "strategy": "random", "final_regret": 2.3475935459136963}
{"seed": 5, "user": 8, "rho": 0.25, "strategy": "bald", "final_regret": 2.1867103576660156}
{"seed": 5, "user": 8, "rho": 0.25, "strategy": "voi", "final_regret": 1.9903960227966309}
{"seed": 5, "user": 8, "rho": 0.25, "strategy": "oracle", "final_regret": 2.0192251205444336}
{"seed": 5, "user": 9, "rho": 0.25, "strategy": "random", "final_regret": 1.1162433624267578}
{"seed": 5, "user": 9, "rho": 0.25, "strategy": "bald", "final_regret": 1.1076698303222656}
{"seed": 5, "user": 9, "rho": 0.25, "strategy": "voi", "final_regret": 3.169966697692871}
{"seed": 5, "user": 9, "rho": 0.25, "strategy": "oracle", "final_regret": 0.00203704833984375}
{"seed": 5, "user": 10, "rho": 0.25, "strategy": "random", "final_regret": 0.03148651123046875}
{"seed": 5, "user": 10, "rho": 0.25, "strategy": "bald", "final_regret": 0.6056175231933594}
{"seed": 5, "user": 10, "rho": 0.25, "strategy": "voi", "final_regret": 6.326908111572266}
{"seed": 5, "user": 10, "rho": 0.25, "strategy": "oracle", "final_regret": 0.6056175231933594}
{"seed": 5, "user": 11, "rho": 0.25, "strategy": "random", "final_regret": 4.100088119506836}
{"seed": 5, "user": 11, "rho": 0.25, "strategy": "bald", "final_regret": 6.474979400634766}
{"seed": 5, "user": 11, "rho": 0.25, "strategy": "voi", "final_regret": 0.011496543884277344}
{"seed": 5, "user": 11, "rho": 0.25, "strategy": "oracle", "final_regret": 1.0663909912109375}
{"seed": 6, "user": 0, "rho": 0.25, "strategy": "random", "final_regret": 0.35794830322265625}
{"seed": 6, "user": 0, "rho": 0.25, "strategy": "bald", "final_regret": 0.8833742141723633}
{"seed": 6, "user": 0, "rho": 0.25, "strategy": "voi", "final_regret": 0.9555196762084961}
{"seed": 6, "user": 0, "rho": 0.25, "strategy": "oracle", "final_regret": 0.024341583251953125}
{"seed": 6, "user": 1, "rho": 0.25, "strategy": "random", "final_regret": 2.0459437370300293}
{"seed": 6, "user": 1, "rho": 0.25, "strategy": "bald", "final_regret": 1.7111295461654663}
{"seed": 6, "user": 1, "rho": 0.25, "strategy": "voi", "final_regret": 1.6265664100646973}
{"seed": 6, "user": 1, "rho": 0.25, "strategy": "oracle", "final_regret": 0.30300092697143555}
{"seed": 6, "user": 2, "rho": 0.25, "strategy": "random", "final_regret": 0.006163597106933594}
{"seed": 6, "user": 2, "rho": 0.25, "strategy": "bald", "final_regret": -2.384185791015625e-07}
{"seed": 6, "user": 2, "rho": 0.25, "strategy": "voi", "final_regret": 0.009134769439697266}
{"seed": 6, "user": 2, "rho": 0.25, "strategy": "oracle", "final_regret": 0.0059506893157958984}
{"seed": 6, "user": 3, "rho": 0.25, "strategy": "random", "final_regret": 8.564495086669922}
{"seed": 6, "user": 3, "rho": 0.25, "strategy": "bald", "final_regret": 8.394902229309082}
{"seed": 6, "user": 3, "rho": 0.25, "strategy": "voi", "final_regret": 8.513397216796875}
{"seed": 6, "user": 3, "rho": 0.25, "strategy": "oracle", "final_regret": 0.031868934631347656}
{"seed": 6, "user": 4, "rho": 0.25, "strategy": "random", "final_regret": 7.113901615142822}
{"seed": 6, "user": 4, "rho": 0.25, "strategy": "bald", "final_regret": 1.9963041543960571}
{"seed": 6, "user": 4, "rho": 0.25, "strategy": "voi", "final_regret": 2.0146329402923584}
{"seed": 6, "user": 4, "rho": 0.25, "strategy": "oracle", "final_regret": 0.970781683921814}
{"seed": 6, "user": 5, "rho": 0.25, "strategy": "random", "final_regret": 2.2754993438720703}
{"seed": 6, "user": 5, "rho": 0.25, "strategy": "bald", "final_regret": 5.389261245727539}
{"seed": 6, "user": 5, "rho": 0.25, "strategy": "voi", "final_regret": 1.318960189819336}
{"seed": 6, "user": 5, "rho": 0.25, "strategy": "oracle", "final_regret": 7.619890213012695}
{"seed": 6, "user": 6, "rho": 0.25, "strategy": "random", "final_regret": 6.767880439758301}
{"seed": 6, "user": 6, "rho": 0.25, "strategy": "bald", "final_regret": 6.1214094161987305}
{"seed": 6, "user": 6, "rho": 0.25, "strategy": "voi", "final_regret": 4.434025287628174}
{"seed": 6, "user": 6, "rho": 0.25, "strategy": "oracle", "final_regret": 3.7098498344421387}
{"seed": 6, "user": 7, "rho": 0.25, "strategy": "random", "final_regret": 0.2875547409057617}
{"seed": 6, "user": 7, "rho": 0.25, "strategy": "bald", "final_regret": 2.061345100402832}
{"seed": 6, "user": 7, "rho": 0.25, "strategy": "voi", "final_regret": 2.1151561737060547}
{"seed": 6, "user": 7, "rho": 0.25, "strategy": "oracle", "final_regret": 0.2833528518676758}
{"seed": 6, "user": 8, "rho": 0.25, "strategy": "random", "final_regret": 5.40613317489624}
{"seed": 6, "user": 8, "rho": 0.25, "strategy": "bald", "final_regret": 0.471973180770874}
{"seed": 6, "user": 8, "rho": 0.25, "strategy": "voi", "final_regret": 0.6140463352203369}
{"seed": 6, "user": 8, "rho": 0.25, "strategy": "oracle", "final_regret": 3.4199211597442627}
{"seed": 6, "user": 9, "rho": 0.25, "strategy": "random", "final_regret": 0.05934464931488037}
{"seed": 6, "user": 9, "rho": 0.25, "strategy": "bald", "final_regret": 1.6185531616210938}
{"seed": 6, "user": 9, "rho": 0.25, "strategy": "voi", "final_regret": 1.6565834283828735}
{"seed": 6, "user": 9, "rho": 0.25, "strategy": "oracle", "final_regret": 0.011302471160888672}
{"seed": 6, "user": 10, "rho": 0.25, "strategy": "random", "final_regret": 0.03405904769897461}
{"seed": 6, "user": 10, "rho": 0.25, "strategy": "bald", "final_regret": 0.025662899017333984}
{"seed": 6, "user": 10, "rho": 0.25, "strategy": "voi", "final_regret": 0.05919194221496582}
{"seed": 6, "user": 10, "rho": 0.25, "strategy": "oracle", "final_regret": 0.013358831405639648}
{"seed": 6, "user": 11, "rho": 0.25, "strategy": "random", "final_regret": 7.364251136779785}
{"seed": 6, "user": 11, "rho": 0.25, "strategy": "bald", "final_regret": 6.950797080993652}
{"seed": 6, "user": 11, "rho": 0.25, "strategy": "voi", "final_regret": 3.5537586212158203}
{"seed": 6, "user": 11, "rho": 0.25, "strategy": "oracle", "final_regret": 0.0718989372253418}
{"seed": 7, "user": 0, "rho": 0.25, "strategy": "random", "final_regret": 0.9915435314178467}
{"seed": 7, "user": 0, "rho": 0.25, "strategy": "bald", "final_regret": 1.9156259298324585}
{"seed": 7, "user": 0, "rho": 0.25, "strategy": "voi", "final_regret": 1.110716462135315}
{"seed": 7, "user": 0, "rho": 0.25, "strategy": "oracle", "final_regret": 0.08006220310926437}
{"seed": 7, "user": 1, "rho": 0.25, "strategy": "random", "final_regret": 5.192103862762451}
{"seed": 7, "user": 1, "rho": 0.25, "strategy": "bald", "final_regret": 5.1773200035095215}
{"seed": 7, "user": 1, "rho": 0.25, "strategy": "voi", "final_regret": 4.738620758056641}
{"seed": 7, "user": 1, "rho": 0.25, "strategy": "oracle", "final_regret": 0.0037463903427124023}
{"seed": 7, "user": 2, "rho": 0.25, "strategy": "random", "final_regret": 11.203608512878418}
{"seed": 7, "user": 2, "rho": 0.25, "strategy": "bald", "final_regret": 0.29758548736572266}
{"seed": 7, "user": 2, "rho": 0.25, "strategy": "voi", "final_regret": 4.349778175354004}
{"seed": 7, "user": 2, "rho": 0.25, "strategy": "oracle", "final_regret": 0.267486572265625}
{"seed": 7, "user": 3, "rho": 0.25, "strategy": "random", "final_regret": 11.17038631439209}
{"seed": 7, "user": 3, "rho": 0.25, "strategy": "bald", "final_regret": 0.20761191844940186}
{"seed": 7, "user": 3, "rho": 0.25, "strategy": "voi", "final_regret": 0.1595693826675415}
{"seed": 7, "user": 3, "rho": 0.25, "strategy": "oracle", "final_regret": 0.012975692749023438}
{"seed": 7, "user": 4, "rho": 0.25, "strategy": "random", "final_regret": 0.005196213722229004}
{"seed": 7, "user": 4, "rho": 0.25, "strategy": "bald", "final_regret": 0.9169692993164062}
{"seed": 7, "user": 4, "rho": 0.25, "strategy": "voi", "final_regret": 0.9169692993164062}
{"seed": 7, "user": 4, "rho": 0.25, "strategy": "oracle", "final_regret": 0.002641439437866211}
{"seed": 7, "user": 5, "rho": 0.25, "strategy": "random", "final_regret": 0.2749791145324707}
{"seed": 7, "user": 5, "rho": 0.25, "strategy": "bald", "final_regret": 3.1450130939483643}
{"seed": 7, "user": 5, "rho": 0.25, "strategy": "voi", "final_regret": 0.9379346370697021}
{"seed": 7, "user": 5, "rho": 0.25, "strategy": "oracle", "final_regret": 3.1582443714141846}
{"seed": 7, "user": 6, "rho": 0.25, "strategy": "random", "final_regret": 1.1266779899597168}
{"seed": 7, "user": 6, "rho": 0.25, "strategy": "bald", "final_regret": 0.5728825926780701}
{"seed": 7, "user": 6, "rho": 0.25, "strategy": "voi", "final_regret": 0.4589083790779114}
{"seed": 7, "user": 6, "rho": 0.25, "strategy": "oracle", "final_regret": 0.5990726351737976}
{"seed": 7, "user": 7, "rho": 0.25, "strategy": "random", "final_regret": 2.2104225158691406}
{"seed": 7, "user": 7, "rho": 0.25, "strategy": "bald", "final_regret": 5.659996509552002}
{"seed": 7, "user": 7, "rho": 0.25, "strategy": "voi", "final_regret": 1.293818473815918}
{"seed": 7, "user": 7, "rho": 0.25, "strategy": "oracle", "final_regret": 0.07121849060058594}
{"seed": 7, "user": 8, "rho": 0.25, "strategy": "random", "final_regret": 1.060281753540039}
{"seed": 7, "user": 8, "rho": 0.25, "strategy": "bald", "final_regret": 1.090597152709961}
{"seed": 7, "user": 8, "rho": 0.25, "strategy": "voi", "final_regret": 1.0645828247070312}
{"seed": 7, "user": 8, "rho": 0.25, "strategy": "oracle", "final_regret": 1.0525398254394531}
{"seed": 7, "user": 9, "rho": 0.25, "strategy": "random", "final_regret": 0.5333170890808105}
{"seed": 7, "user": 9, "rho": 0.25, "strategy": "bald", "final_regret": 0.032061100006103516}
{"seed": 7, "user": 9, "rho": 0.25, "strategy": "voi", "final_regret": 0.05098295211791992}
{"seed": 7, "user": 9, "rho": 0.25, "strategy": "oracle", "final_regret": 0.06542587280273438}
{"seed": 7, "user": 10, "rho": 0.25, "strategy": "random", "final_regret": 5.198400020599365}
{"seed": 7, "user": 10, "rho": 0.25, "strategy": "bald", "final_regret": 3.3017711639404297}
{"seed": 7, "user": 10, "rho": 0.25, "strategy": "voi", "final_regret": 0.06587696075439453}
{"seed": 7, "user": 10, "rho": 0.25, "strategy": "oracle", "final_regret": 0.01528787612915039}
{"seed": 7, "user": 11, "rho": 0.25, "strategy": "random", "final_regret": 0.3991246223449707}
{"seed": 7, "user": 11, "rho": 0.25, "strategy": "bald", "final_regret": 0.3888587951660156}
{"seed": 7, "user": 11, "rho": 0.25, "strategy": "voi", "final_regret": 0.3075532913208008}
{"seed": 7, "user": 11, "rho": 0.25, "strategy": "oracle", "final_regret": 0.3075532913208008}
{"seed": 8, "user": 0, "rho": 0.25, "strategy": "random", "final_regret": 2.106261730194092}
{"seed": 8, "user": 0, "rho": 0.25, "strategy": "bald", "final_regret": 1.0589900016784668}
{"seed": 8, "user": 0, "rho": 0.25, "strategy": "voi", "final_regret": 2.5647640228271484}
{"seed": 8, "user": 0, "rho": 0.25, "strategy": "oracle", "final_regret": 0.05428886413574219}
{"seed": 8, "user": 1, "rho": 0.25, "strategy": "random", "final_regret": 0.06002998352050781}
{"seed": 8, "user": 1, "rho": 0.25, "strategy": "bald", "final_regret": 2.6009654998779297}
{"seed": 8, "user": 1, "rho": 0.25, "strategy": "voi", "final_regret": 8.136906623840332}
{"seed": 8, "user": 1, "rho": 0.25, "strategy": "oracle", "final_regret": 0.11104965209960938}
{"seed": 8, "user": 2, "rho": 0.25, "strategy": "random", "final_regret": 3.876230239868164}
{"seed": 8, "user": 2, "rho": 0.25, "strategy": "bald", "final_regret": 7.749645233154297}
{"seed": 8, "user": 2, "rho": 0.25, "strategy": "voi", "final_regret": 7.576544761657715}
{"seed": 8, "user": 2, "rho": 0.25, "strategy": "oracle", "final_regret": 1.0206165313720703}
{"seed": 8, "user": 3, "rho": 0.25, "strategy": "random", "final_regret": 1.4459171295166016}
{"seed": 8, "user": 3, "rho": 0.25, "strategy": "bald", "final_regret": 1.3954918384552002}
{"seed": 8, "user": 3, "rho": 0.25, "strategy": "voi", "final_regret": 5.531381130218506}
{"seed": 8, "user": 3, "rho": 0.25, "strategy": "oracle", "final_regret": 1.1369850635528564}
{"seed": 8, "user": 4, "rho": 0.25, "strategy": "random", "final_regret": 0.0996389389038086}
{"seed": 8, "user": 4, "rho": 0.25, "strategy": "bald", "final_regret": 0.047980308532714844}
{"seed": 8, "user": 4, "rho": 0.25, "strategy": "voi", "final_regret": 0.03835010528564453}
{"seed": 8, "user": 4, "rho": 0.25, "strategy": "oracle", "final_regret": 0.15518665313720703}
{"seed": 8, "user": 5, "rho": 0.25, "strategy": "random", "final_regret": 0.15703964233398438}
{"seed": 8, "user": 5, "rho": 0.25, "strategy": "bald", "final_regret": 0.021657943725585938}
{"seed": 8, "user": 5, "rho": 0.25, "strategy": "voi", "final_regret": 0.14728736877441406}
{"seed": 8, "user": 5, "rho": 0.25, "strategy": "oracle", "final_regret": 0.0253143310546875}
{"seed": 8, "user": 6, "rho": 0.25, "strategy": "random", "final_regret": 8.174629211425781}
{"seed": 8, "user": 6, "rho": 0.25, "strategy": "bald", "final_regret": 9.50117301940918}
{"seed": 8, "user": 6, "rho": 0.25, "strategy": "voi", "final_regret": 6.8360915184021}
{"seed": 8, "user": 6, "rho": 0.25, "strategy": "oracle", "final_regret": 0.12090682983398438}
{"seed": 8, "user": 7, "rho": 0.25, "strategy": "random", "final_regret": 4.543575763702393}
{"seed": 8, "user": 7, "rho": 0.25, "strategy": "bald", "final_regret": 0.12879371643066406}
{"seed": 8, "user": 7, "rho": 0.25, "strategy": "voi", "final_regret": 9.089188575744629}
{"seed": 8, "user": 7, "rho": 0.25, "strategy": "oracle", "final_regret": 0.8036894798278809}
{"seed": 8, "user": 8, "rho": 0.25, "strategy": "random", "final_regret": 9.852558135986328}
{"seed": 8, "user": 8, "rho": 0.25, "strategy": "bald", "final_regret": 12.75966739654541}
{"seed": 8, "user": 8, "rho": 0.25, "strategy": "voi", "final_regret": 11.754152297973633}
{"seed": 8, "user": 8, "rho": 0.25, "strategy": "oracle", "final_regret": 0.031340599060058594}
{"seed": 8, "user": 9, "rho": 0.25, "strategy": "random", "final_regret": 0.2952914237976074}
{"seed": 8, "user": 9, "rho": 0.25, "strategy": "bald", "final_regret": 0.6852803230285645}
{"seed": 8, "user": 9, "rho": 0.25, "strategy": "voi", "final_regret": 0.8771963119506836}
{"seed": 8, "user": 9, "rho": 0.25, "strategy": "oracle", "final_regret": 0.2952914237976074}
{"seed": 8, "user": 10, "rho": 0.25, "strategy": "random", "final_regret": 0.03941798210144043}
{"seed": 8, "user": 10, "rho": 0.25, "strategy": "bald", "final_regret": 8.750275611877441}
{"seed": 8, "user": 10, "rho": 0.25, "strategy": "voi", "final_regret": 0.08860957622528076}
{"seed": 8, "user": 10, "rho": 0.25, "strategy": "oracle", "final_regret": 0.061115384101867676}
{"seed": 8, "user": 11, "rho": 0.25, "strategy": "random", "final_regret": 0.987666130065918}
{"seed": 8, "user": 11, "rho": 0.25, "strategy": "bald", "final_regret": 0.9684486389160156}
{"seed": 8, "user": 11, "rho": 0.25, "strategy": "voi", "final_regret": 1.3364028930664062}
{"seed": 8, "user": 11, "rho": 0.25, "strategy": "oracle", "final_regret": 0.8191499710083008}
{"seed": 9, "user": 0, "rho": 0.25, "strategy": "random", "final_regret": 3.3131959438323975}
{"seed": 9, "user": 0, "rho": 0.25, "strategy": "bald", "final_regret": 2.168260097503662}
{"seed": 9, "user": 0, "rho": 0.25, "strategy": "voi", "final_regret": 0.1443948745727539}
{"seed": 9, "user": 0, "rho": 0.25, "strategy": "oracle", "final_regret": 1.6199499368667603}
{"seed": 9, "user": 1, "rho": 0.25, "strategy": "random", "final_regret": 0.004984855651855469}
{"seed": 9, "user": 1, "rho": 0.25, "strategy": "bald", "final_regret": 0.027176856994628906}
{"seed": 9, "user": 1, "rho": 0.25, "strategy": "voi", "final_regret": 0.02662181854248047}
{"seed": 9, "user": 1, "rho": 0.25, "strategy": "oracle", "final_regret": 0.021318435668945312}
{"seed": 9, "user": 2, "rho": 0.25, "strategy": "random", "final_regret": 1.102177381515503}
{"seed": 9, "user": 2, "rho": 0.25, "strategy": "bald", "final_regret": 0.6759905815124512}
{"seed": 9, "user": 2, "rho": 0.25, "strategy": "voi", "final_regret": 1.1785138845443726}
{"seed": 9, "user": 2, "rho": 0.25, "strategy": "oracle", "final_regret": 5.502033233642578}
{"seed": 9, "user": 3, "rho": 0.25, "strategy": "random", "final_regret": 0.11367011070251465}
{"seed": 9, "user": 3, "rho": 0.25, "strategy": "bald", "final_regret": 0.1326282024383545}
{"seed": 9, "user": 3, "rho": 0.25, "strategy": "voi", "final_regret": 0.11600470542907715}
{"seed": 9, "user": 3, "rho": 0.25, "strategy": "oracle", "final_regret": 0.11600470542907715}
{"seed": 9, "user": 4, "rho": 0.25, "strategy": "random", "final_regret": 5.296326160430908}
{"seed": 9, "user": 4, "rho": 0.25, "strategy": "bald", "final_regret": 0.006130695343017578}
{"seed": 9, "user": 4, "rho": 0.25, "strategy": "voi", "final_regret": 0.018622875213623047}
{"seed": 9, "user": 4, "rho": 0.25, "strategy": "oracle", "final_regret": 0.02512502670288086}
{"seed": 9, "user": 5, "rho": 0.25, "strategy": "random", "final_regret": 0.9737223386764526}
{"seed": 9, "user": 5, "rho": 0.25, "strategy": "bald", "final_regret": 1.3522388935089111}
{"seed": 9, "user": 5, "rho": 0.25, "strategy": "voi", "final_regret": 1.149269938468933}
{"seed": 9, "user": 5, "rho": 0.25, "strategy": "oracle", "final_regret": 0.6350195407867432}
{"seed": 9, "user": 6, "rho": 0.25, "strategy": "random", "final_regret": 5.3176703453063965}
{"seed": 9, "user": 6, "rho": 0.25, "strategy": "bald", "final_regret": 6.333624839782715}
{"seed": 9, "user": 6, "rho": 0.25, "strategy": "voi", "final_regret": 4.5535664558410645}
{"seed": 9, "user": 6, "rho": 0.25, "strategy": "oracle", "final_regret": 4.728812217712402}
{"seed": 9, "user": 7, "rho": 0.25, "strategy": "random", "final_regret": 1.1812114715576172}
{"seed": 9, "user": 7, "rho": 0.25, "strategy": "bald", "final_regret": 1.1718635559082031}
{"seed": 9, "user": 7, "rho": 0.25, "strategy": "voi", "final_regret": 1.1809425354003906}
{"seed": 9, "user": 7, "rho": 0.25, "strategy": "oracle", "final_regret": 1.2299919128417969}
{"seed": 9, "user": 8, "rho": 0.25, "strategy": "random", "final_regret": 0.06881523132324219}
{"seed": 9, "user": 8, "rho": 0.25, "strategy": "bald", "final_regret": 0.031703948974609375}
{"seed": 9, "user": 8, "rho": 0.25, "strategy": "voi", "final_regret": 0.0483551025390625}
{"seed": 9, "user": 8, "rho": 0.25, "strategy": "oracle", "final_regret": 0.018320083618164062}
{"seed": 9, "user": 9, "rho": 0.25, "strategy": "random", "final_regret": 0.09093642234802246}
{"seed": 9, "user": 9, "rho": 0.25, "strategy": "bald", "final_regret": 2.876138210296631}
{"seed": 9, "user": 9, "rho": 0.25, "strategy": "voi", "final_regret": 0.08603692054748535}
{"seed": 9, "user": 9, "rho": 0.25, "strategy": "oracle", "final_regret": 0.09093642234802246}
{"seed": 9, "user": 10, "rho": 0.25, "strategy": "random", "final_regret": 0.07770848274230957}
{"seed": 9, "user": 10, "rho": 0.25, "strategy": "bald", "final_regret": 0.047241926193237305}
{"seed": 9, "user": 10, "rho": 0.25, "strategy": "voi", "final_regret": 2.615571975708008}
{"seed": 9, "user": 10, "rho": 0.25, "strategy": "oracle", "final_regret": 0.027553558349609375}
{"seed": 9, "user": 11, "rho": 0.25, "strategy": "random", "final_regret": 0.14380455017089844}
{"seed": 9, "user": 11, "rho": 0.25, "strategy": "bald", "final_regret": 0.04182887077331543}
{"seed": 9, "user": 11, "rho": 0.25, "strategy": "voi", "final_regret": 0.03128957748413086}
{"seed": 9, "user": 11, "rho": 0.25, "strategy": "oracle", "final_regret": 0.03418850898742676}
{"seed": 0, "user": 0, "rho": 0.5, "strategy": "random", "final_regret": 0.030023574829101562}
{"seed": 0, "user": 0, "rho": 0.5, "strategy": "bald", "final_regret": 0.027715682983398438}
{"seed": 0, "user": 0, "rho": 0.5, "strategy": "voi", "final_regret": -5.7220458984375e-06}
{"seed": 0, "user": 0, "rho": 0.5, "strategy": "oracle", "final_regret": 0.0021495819091796875}
{"seed": 0, "user": 1, "rho": 0.5, "strategy": "random", "final_regret": 0.01406097412109375}
{"seed": 0, "user": 1, "rho": 0.5, "strategy": "bald", "final_regret": 0.01406097412109375}
{"seed": 0, "user": 1, "rho": 0.5, "strategy": "voi", "final_regret": 0.7050247192382812}
{"seed": 0, "user": 1, "rho": 0.5, "strategy": "oracle", "final_regret": 0.012783050537109375}
{"seed": 0, "user": 2, "rho": 0.5, "strategy": "random", "final_regret": 1.6132135391235352}
{"seed": 0, "user": 2, "rho": 0.5, "strategy": "bald", "final_regret": 0.00901031494140625}
{"seed": 0, "user": 2, "rho": 0.5, "strategy": "voi", "final_regret": 0.010507583618164062}
{"seed": 0, "user": 2, "rho": 0.5, "strategy": "oracle", "final_regret": 0.01858806610107422}
{"seed": 0, "user": 3, "rho": 0.5, "strategy": "random", "final_regret": 4.384427070617676}
{"seed": 0, "user": 3, "rho": 0.5, "strategy": "bald", "final_regret": 4.36003303527832}
{"seed": 0, "user": 3, "rho": 0.5, "strategy": "voi", "final_regret": 4.384427070617676}
{"seed": 0, "user": 3, "rho": 0.5, "strategy": "oracle", "final_regret": 4.338779449462891}
{"seed": 0, "user": 4, "rho": 0.5, "strategy": "random", "final_regret": 1.7347488403320312}
{"seed": 0, "user": 4, "rho": 0.5, "strategy": "bald", "final_regret": 7.452797889709473}
{"seed": 0, "user": 4, "rho": 0.5, "strategy": "voi", "final_regret": 1.714360237121582}
{"seed": 0, "user": 4, "rho": 0.5, "strategy": "oracle", "final_regret": 0.022588729858398438}
{"seed": 0, "user": 5, "rho": 0.5, "strategy": "random", "final_regret": 2.9100704193115234}
{"seed": 0, "user": 5, "rho": 0.5, "strategy": "bald", "final_regret": 2.917311668395996}
{"seed": 0, "user": 5, "rho": 0.5, "strategy": "voi", "final_regret": 2.8234872817993164}
{"seed": 0, "user": 5, "rho": 0.5, "strategy": "oracle", "final_regret": 0.047371864318847656}
{"seed": 0, "user": 6, "rho": 0.5, "strategy": "random", "final_regret": 0.06953048706054688}
{"seed": 0, "user": 6, "rho": 0.5, "strategy": "bald", "final_regret": 0.01651763916015625}
{"seed": 0, "user": 6, "rho": 0.5, "strategy": "voi", "final_regret": 0.0012950897216796875}
{"seed": 0, "user": 6, "rho": 0.5, "strategy": "oracle", "final_regret": 0.0012950897216796875}
{"seed": 0, "user": 7, "rho": 0.5, "strategy": "random", "final_regret": 3.3487548828125}
{"seed": 0, "user": 7, "rho": 0.5, "strategy": "bald", "final_regret": 3.3263707160949707}
{"seed": 0, "user": 7, "rho": 0.5, "strategy": "voi", "final_regret": 3.135204792022705}
{"seed": 0, "user": 7, "rho": 0.5, "strategy": "oracle", "final_regret": 0.06299686431884766}
{"seed": 0, "user": 8, "rho": 0.5, "strategy": "random", "final_regret": 1.5095252990722656}
{"seed": 0, "user": 8, "rho": 0.5, "strategy": "bald", "final_regret": 1.5095252990722656}
{"seed": 0, "user": 8, "rho": 0.5, "strategy": "voi", "final_regret": 0.027492523193359375}
{"seed": 0, "user": 8, "rho": 0.5, "strategy": "oracle", "final_regret": 0.0040683746337890625}
{"seed": 0, "user": 9, "rho": 0.5, "strategy": "random", "final_regret": 1.0617482662200928}
{"seed": 0, "user": 9, "rho": 0.5, "strategy": "bald", "final_regret": 2.050264596939087}
{"seed": 0, "user": 9, "rho": 0.5, "strategy": "voi", "final_regret": 3.9905762672424316}
{"seed": 0, "user": 9, "rho": 0.5, "strategy": "oracle", "final_regret": -1.3828277587890625e-05}
{"seed": 0, "user": 10, "rho": 0.5, "strategy": "random", "final_regret": -1.9073486328125e-06}
{"seed": 0, "user": 10, "rho": 0.5, "strategy": "bald", "final_regret": 0.05109977722167969}
{"seed": 0, "user": 10, "rho": 0.5, "strategy": "voi", "final_regret": 3.7985610961914062}
{"seed": 0, "user": 10, "rho": 0.5, "strategy": "oracle", "final_regret": 3.857860565185547}
{"seed": 0, "user": 11, "rho": 0.5, "strategy": "random", "final_regret": 0.08968794345855713}
{"seed": 0, "user": 11, "rho": 0.5, "strategy": "bald", "final_regret": 7.2186279296875}
{"seed": 0, "user": 11, "rho": 0.5, "strategy": "voi", "final_regret": 4.643888473510742}
{"seed": 0, "user": 11, "rho": 0.5, "strategy": "oracle", "final_regret": 4.603805065155029}
{"seed": 1, "user": 0, "rho": 0.5, "strategy": "random", "final_regret": 1.4173287153244019}
{"seed": 1, "user": 0, "rho": 0.5, "strategy": "bald", "final_regret": 0.26127636432647705}
{"seed": 1, "user": 0, "rho": 0.5, "strategy": "voi", "final_regret": 3.61618971824646}
{"seed": 1, "user": 0, "rho": 0.5, "strategy": "oracle", "final_regret": 1.737542748451233}
{"seed": 1, "user": 1, "rho": 0.5, "strategy": "random", "final_regret": 0.042200565338134766}
{"seed": 1, "user": 1, "rho": 0.5, "strategy": "bald", "final_regret": 0.024874567985534668}
{"seed": 1, "user": 1, "rho": 0.5, "strategy": "voi", "final_regret": 0.05990338325500488}
{"seed": 1, "user": 1, "rho": 0.5, "strategy": "oracle", "final_regret": 0.0}
{"seed": 1, "user": 2, "rho": 0.5, "strategy": "random", "final_regret": 0.06912064552307129}
{"seed": 1, "user": 2, "rho": 0.5, "strategy": "bald", "final_regret": 0.0911942720413208}
{"seed": 1, "user": 2, "rho": 0.5, "strategy": "voi", "final_regret": 0.12031638622283936}
{"seed": 1, "user": 2, "rho": 0.5, "strategy": "oracle", "final_regret": 0.005216717720031738}
{"seed": 1, "user": 3, "rho": 0.5, "strategy": "random", "final_regret": 7.609606742858887}
{"seed": 1, "user": 3, "rho": 0.5, "strategy": "bald", "final_regret": 4.498809337615967}
{"seed": 1, "user": 3, "rho": 0.5, "strategy": "voi", "final_regret": 1.4866156578063965}
{"seed": 1, "user": 3, "rho": 0.5, "strategy": "oracle", "final_regret": 1.0599801540374756}
{"seed": 1, "user": 4, "rho": 0.5, "strategy": "random", "final_regret": 4.397913932800293}
{"seed": 1, "user": 4, "rho": 0.5, "strategy": "bald", "final_regret": 0.41125917434692383}
{"seed": 1, "user": 4, "rho": 0.5, "strategy": "voi", "final_regret": 7.79522705078125}
{"seed": 1, "user": 4, "rho": 0.5, "strategy": "oracle", "final_regret": 0.08916664123535156}
{"seed": 1, "user": 5, "rho": 0.5, "strategy": "random", "final_regret": 0.04136085510253906}
{"seed": 1, "user": 5, "rho": 0.5, "strategy": "bald", "final_regret": 0.04136085510253906}
{"seed": 1, "user": 5, "rho": 0.5, "strategy": "voi", "final_regret": 0.03661513328552246}
{"seed": 1, "user": 5, "rho": 0.5, "strategy": "oracle", "final_regret": 0.04474830627441406}
{"seed": 1, "user": 6, "rho": 0.5, "strategy": "random", "final_regret": 5.42512845993042}
{"seed": 1, "user": 6, "rho": 0.5, "strategy": "bald", "final_regret": 3.5436553955078125}
{"seed": 1, "user": 6, "rho": 0.5, "strategy": "voi", "final_regret": 12.227089881896973}
{"seed": 1, "user": 6, "rho": 0.5, "strategy": "oracle", "final_regret": 0.11005687713623047}
{"seed": 1, "user": 7, "rho": 0.5, "strategy": "random", "final_regret": 0.3343229293823242}
{"seed": 1, "user": 7, "rho": 0.5, "strategy": "bald", "final_regret": 0.009089469909667969}
{"seed": 1, "user": 7, "rho": 0.5, "strategy": "voi", "final_regret": 12.484638214111328}
{"seed": 1, "user": 7, "rho": 0.5, "strategy": "oracle", "final_regret": 0.02856731414794922}
{"seed": 1, "user": 8, "rho": 0.5, "strategy": "random", "final_regret": 3.3026225566864014}
{"seed": 1, "user": 8, "rho": 0.5, "strategy": "bald", "final_regret": 2.875244140625}
{"seed": 1, "user": 8, "rho": 0.5, "strategy": "voi", "final_regret": 2.86786150932312}
{"seed": 1, "user": 8, "rho": 0.5, "strategy": "oracle", "final_regret": -1.8596649169921875e-05}
{"seed": 1, "user": 9, "rho": 0.5, "strategy": "random", "final_regret": 1.7586908340454102}
{"seed": 1, "user": 9, "rho": 0.5, "strategy": "bald", "final_regret": 3.6439876556396484}
{"seed": 1, "user": 9, "rho": 0.5, "strategy": "voi", "final_regret": 3.760488510131836}
{"seed": 1, "user": 9, "rho": 0.5, "strategy": "oracle", "final_regret": 0.9784698486328125}
{"seed": 1, "user": 10, "rho": 0.5, "strategy": "random", "final_regret": 3.1124324798583984}
{"seed": 1, "user": 10, "rho": 0.5, "strategy": "bald", "final_regret": 3.0028858184814453}
{"seed": 1, "user": 10, "rho": 0.5, "strategy": "voi", "final_regret": 2.959688186645508}
{"seed": 1, "user": 10, "rho": 0.5, "strategy": "oracle", "final_regret": 2.8804492950439453}
{"seed": 1, "user": 11, "rho": 0.5, "strategy": "random", "final_regret": 0.029767751693725586}
{"seed": 1, "user": 11, "rho": 0.5, "strategy": "bald", "final_regret": 10.502939224243164}
{"seed": 1, "user": 11, "rho": 0.5, "strategy": "voi", "final_regret": 0.0044438838958740234}
{"seed": 1, "user": 11, "rho": 0.5, "strategy": "oracle", "final_regret": 0.006535053253173828}
{"seed": 2, "user": 0, "rho": 0.5, "strategy": "random", "final_regret": 0.831546425819397}
{"seed": 2, "user": 0, "rho": 0.5, "strategy": "bald", "final_regret": 0.28975915908813477}
{"seed": 2, "user": 0, "rho": 0.5, "strategy": "voi", "final_regret": 1.921496033668518}
{"seed": 2, "user": 0, "rho": 0.5, "strategy": "oracle", "final_regret": 0.0}
{"seed": 2, "user": 1, "rho": 0.5, "strategy": "random", "final_regret": 0.01855611801147461}
{"seed": 2, "user": 1, "rho": 0.5, "strategy": "bald", "final_regret": 0.031838297843933105}
{"seed": 2, "user": 1, "rho": 0.5, "strategy": "voi", "final_regret": 0.035092949867248535}
{"seed": 2, "user": 1, "rho": 0.5, "strategy": "oracle", "final_regret": 0.0001842975616455078}
{"seed": 2, "user": 2, "rho": 0.5, "strategy": "random", "final_regret": 0.40228211879730225}
{"seed": 2, "user": 2, "rho": 0.5, "strategy": "bald", "final_regret": 2.5056023597717285}
{"seed": 2, "user": 2, "rho": 0.5, "strategy": "voi", "final_regret": 2.0672080516815186}
{"seed": 2, "user": 2, "rho": 0.5, "strategy": "oracle", "final_regret": 2.4120280742645264}
{"seed": 2, "user": 3, "rho": 0.5, "strategy": "random", "final_regret": 0.025768518447875977}
{"seed": 2, "user": 3, "rho": 0.5, "strategy": "bald", "final_regret": 0.20388436317443848}
{"seed": 2, "user": 3, "rho": 0.5, "strategy": "voi", "final_regret": 3.1823225021362305}
{"seed": 2, "user": 3, "rho": 0.5, "strategy": "oracle", "final_regret": 0.05304551124572754}
{"seed": 2, "user": 4, "rho": 0.5, "strategy": "random", "final_regret": 3.1266300678253174}
{"seed": 2, "user": 4, "rho": 0.5, "strategy": "bald", "final_regret": 3.679590940475464}
{"seed": 2, "user": 4, "rho": 0.5, "strategy": "voi", "final_regret": 5.085433483123779}
{"seed": 2, "user": 4, "rho": 0.5, "strategy": "oracle", "final_regret": 3.857822895050049}
{"seed": 2, "user": 5, "rho": 0.5, "strategy": "random", "final_regret": 0.18613475561141968}
{"seed": 2, "user": 5, "rho": 0.5, "strategy": "bald", "final_regret": 0.9076932668685913}
{"seed": 2, "user": 5, "rho": 0.5, "strategy": "voi", "final_regret": 0.25524038076400757}
{"seed": 2, "user": 5, "rho": 0.5, "strategy": "oracle", "final_regret": 0.0005925893783569336}
{"seed": 2, "user": 6, "rho": 0.5, "strategy": "random", "final_regret": 0.07737386226654053}
{"seed": 2, "user": 6, "rho": 0.5, "strategy": "bald", "final_regret": 0.15418481826782227}
{"seed": 2, "user": 6, "rho": 0.5, "strategy": "voi", "final_regret": 0.1105492115020752}
{"seed": 2, "user": 6, "rho": 0.5, "strategy": "oracle", "final_regret": 0.013838887214660645}
{"seed": 2, "user": 7, "rho": 0.5, "strategy": "random", "final_regret": 0.015515565872192383}
{"seed": 2, "user": 7, "rho": 0.5, "strategy": "bald", "final_regret": 0.0013628005981445312}
{"seed": 2, "user": 7, "rho": 0.5, "strategy": "voi", "final_regret": 0.0120774507522583}
{"seed": 2, "user": 7, "rho": 0.5, "strategy": "oracle", "final_regret": 0.0032613277435302734}
{"seed": 2, "user": 8, "rho": 0.5, "strategy": "random", "final_regret": 2.3288233280181885}
{"seed": 2, "user": 8, "rho": 0.5, "strategy": "bald", "final_regret": 1.6423190832138062}
{"seed": 2, "user": 8, "rho": 0.5, "strategy": "voi", "final_regret": 1.1000196933746338}
{"seed": 2, "user": 8, "rho": 0.5, "strategy": "oracle", "final_regret": 2.1972739696502686}
{"seed": 2, "user": 9, "rho": 0.5, "strategy": "random", "final_regret": 0.10520648956298828}
{"seed": 2, "user": 9, "rho": 0.5, "strategy": "bald", "final_regret": 0.5306005477905273}
{"seed": 2, "user": 9, "rho": 0.5, "strategy": "voi", "final_regret": 0.1107931137084961}
{"seed": 2, "user": 9, "rho": 0.5, "strategy": "oracle", "final_regret": 0.1318521499633789}
{"seed": 2, "user": 10, "rho": 0.5, "strategy": "random", "final_regret": 0.06942319869995117}
{"seed": 2, "user": 10, "rho": 0.5, "strategy": "bald", "final_regret": 0.032497525215148926}
{"seed": 2, "user": 10, "rho": 0.5, "strategy": "voi", "final_regret": 0.042487382888793945}
{"seed": 2, "user": 10, "rho": 0.5, "strategy": "oracle", "final_regret": 0.03514862060546875}
{"seed": 2, "user": 11, "rho": 0.5, "strategy": "random", "final_regret": 11.786420822143555}
{"seed": 2, "user": 11, "rho": 0.5, "strategy": "bald", "final_regret": 5.659171104431152}
{"seed": 2, "user": 11, "rho": 0.5, "strategy": "voi", "final_regret": 6.6675825119018555}
{"seed": 2, "user": 11, "rho": 0.5, "strategy": "oracle", "final_regret": 0.334930419921875}
{"seed": 3, "user": 0, "rho": 0.5, "strategy": "random", "final_regret": 0.008419990539550781}
{"seed": 3, "user": 0, "rho": 0.5, "strategy": "bald", "final_regret": 0.07288312911987305}
{"seed": 3, "user": 0, "rho": 0.5, "strategy": "voi", "final_regret": 0.052399635314941406}
{"seed": 3, "user": 0, "rho": 0.5, "strategy": "oracle", "final_regret": 0.003986835479736328}
{"seed": 3, "user": 1, "rho": 0.5, "strategy": "random", "final_regret": 0.46924924850463867}
{"seed": 3, "user": 1, "rho": 0.5, "strategy": "bald", "final_regret": 0.15591859817504883}
{"seed": 3, "user": 1, "rho": 0.5, "strategy": "voi", "final_regret": 1.4785456657409668}
{"seed": 3, "user": 1, "rho": 0.5, "strategy": "oracle", "final_regret": 0.19900035858154297}
{"seed": 3, "user": 2, "rho": 0.5, "strategy": "random", "final_regret": 0.16496658325195312}
{"seed": 3, "user": 2, "rho": 0.5, "strategy": "bald", "final_regret": 0.21973800659179688}
{"seed": 3, "user": 2, "rho": 0.5, "strategy": "voi", "final_regret": 0.16496658325195312}
{"seed": 3, "user": 2, "rho": 0.5, "strategy": "oracle", "final_regret": 0.16496658325195312}
{"seed": 3, "user": 3, "rho": 0.5, "strategy": "random", "final_regret": 0.14828383922576904}
{"seed": 3, "user": 3, "rho": 0.5, "strategy": "bald", "final_regret": 0.530745267868042}
{"seed": 3, "user": 3, "rho": 0.5, "strategy": "voi", "final_regret": 1.8826279640197754}
{"seed": 3, "user": 3, "rho": 0.5, "strategy": "oracle", "final_regret": 0.30899882316589355}
{"seed": 3, "user": 4, "rho": 0.5, "strategy": "random", "final_regret": 0.7100257873535156}
{"seed": 3, "user": 4, "rho": 0.5, "strategy": "bald", "final_regret": 0.48929595947265625}
{"seed": 3, "user": 4, "rho": 0.5, "strategy": "voi", "final_regret": 0.4855499267578125}
{"seed": 3, "user": 4, "rho": 0.5, "strategy": "oracle", "final_regret": 0.18019866943359375}
{"seed": 3, "user": 5, "rho": 0.5, "strategy": "random", "final_regret": 0.03228759765625}
{"seed": 3, "user": 5, "rho": 0.5, "strategy": "bald", "final_regret": 2.3298721313476562}
{"seed": 3, "user": 5, "rho": 0.5, "strategy": "voi", "final_regret": 0.8820295333862305}
{"seed": 3, "user": 5, "rho": 0.5, "strategy": "oracle", "final_regret": 0.0021581649780273438}
{"seed": 3, "user": 6, "rho": 0.5, "strategy": "random", "final_regret": 2.1651864051818848}
{"seed": 3, "user": 6, "rho": 0.5, "strategy": "bald", "final_regret": 8.085926055908203}
{"seed": 3, "user": 6, "rho": 0.5, "strategy": "voi", "final_regret": 3.3158397674560547}
{"seed": 3, "user": 6, "rho": 0.5, "strategy": "oracle", "final_regret": 0.003894805908203125}
{"seed": 3, "user": 7, "rho": 0.5, "strategy": "random", "final_regret": 0.8090419769287109}
{"seed": 3, "user": 7, "rho": 0.5, "strategy": "bald", "final_regret": 0.8199148178100586}
{"seed": 3, "user": 7, "rho": 0.5, "strategy": "voi", "final_regret": 2.8788909912109375}
{"seed": 3, "user": 7, "rho": 0.5, "strategy": "oracle", "final_regret": 1.3414535522460938}
{"seed": 3, "user": 8, "rho": 0.5, "strategy": "random", "final_regret": 0.06834840774536133}
{"seed": 3, "user": 8, "rho": 0.5, "strategy": "bald", "final_regret": 0.09990739822387695}
{"seed": 3, "user": 8, "rho": 0.5, "strategy": "voi", "final_regret": 0.05256175994873047}
{"seed": 3, "user": 8, "rho": 0.5, "strategy": "oracle", "final_regret": 0.03472614288330078}
{"seed": 3, "user": 9, "rho": 0.5, "strategy": "random", "final_regret": 1.4406280517578125}
{"seed": 3, "user": 9, "rho": 0.5, "strategy": "bald", "final_regret": 1.4316902160644531}
{"seed": 3, "user": 9, "rho": 0.5, "strategy": "voi", "final_regret": 1.5189151763916016}
{"seed": 3, "user": 9, "rho": 0.5, "strategy": "oracle", "final_regret": 1.4406280517578125}
{"seed": 3, "user": 10, "rho": 0.5, "strategy": "random", "final_regret": 0.20160865783691406}
{"seed": 3, "user": 10, "rho": 0.5, "strategy": "bald", "final_regret": 3.0331201553344727}
{"seed": 3, "user": 10, "rho": 0.5, "strategy": "voi", "final_regret": 0.45575618743896484}
{"seed": 3, "user": 10, "rho": 0.5, "strategy": "oracle", "final_regret": 0.002513885498046875}
{"seed": 3, "user": 11, "rho": 0.5, "strategy": "random", "final_regret": 0.4568519592285156}
{"seed": 3, "user": 11, "rho": 0.5, "strategy": "bald", "final_regret": -1.52587890625e-05}
{"seed": 3, "user": 11, "rho": 0.5, "strategy": "voi", "final_regret": 2.54036808013916}
{"seed": 3, "user": 11, "rho": 0.5, "strategy": "oracle", "final_regret": 0.32413673400878906}
{"seed": 4, "user": 0, "rho": 0.5, "strategy": "random", "final_regret": 0.08955860137939453}
{"seed": 4, "user": 0, "rho": 0.5, "strategy": "bald", "final_regret": 0.1977214813232422}
{"seed": 4, "user": 0, "rho": 0.5, "strategy": "voi", "final_regret": 0.1937093734741211}
{"seed": 4, "user": 0, "rho": 0.5, "strategy": "oracle", "final_regret": 0.6493053436279297}
{"seed": 4, "user": 1, "rho": 0.5, "strategy": "random", "final_regret": 15.141179084777832}
{"seed": 4, "user": 1, "rho": 0.5, "strategy": "bald", "final_regret": 0.9973688125610352}
{"seed": 4, "user": 1, "rho": 0.5, "strategy": "voi", "final_regret": 0.012088775634765625}
{"seed": 4, "user": 1, "rho": 0.5, "strategy": "oracle", "final_regret": 0.6777791976928711}
{"seed": 4, "user": 2, "rho": 0.5, "strategy": "random", "final_regret": 0.2807941436767578}
{"seed": 4, "user": 2, "rho": 0.5, "strategy": "bald", "final_regret": 0.906071662902832}
{"seed": 4, "user": 2, "rho": 0.5, "strategy": "voi", "final_regret": 1.1355266571044922}
{"seed": 4, "user": 2, "rho": 0.5, "strategy": "oracle", "final_regret": 1.241903305053711}
{"seed": 4, "user": 3, "rho": 0.5, "strategy": "random", "final_regret": 9.763628005981445}
{"seed": 4, "user": 3, "rho": 0.5, "strategy": "bald", "final_regret": 2.2890357971191406}
{"seed": 4, "user": 3, "rho": 0.5, "strategy": "voi", "final_regret": 2.8481359481811523}
{"seed": 4, "user": 3, "rho": 0.5, "strategy": "oracle", "final_regret": 0.5170516967773438}
{"seed": 4, "user": 4, "rho": 0.5, "strategy": "random", "final_regret": 0.0041713714599609375}
{"seed": 4, "user": 4, "rho": 0.5, "strategy": "bald", "final_regret": 10.527676582336426}
{"seed": 4, "user": 4, "rho": 0.5, "strategy": "voi", "final_regret": 10.554375648498535}
{"seed": 4, "user": 4, "rho": 0.5, "strategy": "oracle", "final_regret": 0.007236480712890625}
{"seed": 4, "user": 5, "rho": 0.5, "strategy": "random", "final_regret": 0.39326906204223633}
{"seed": 4, "user": 5, "rho": 0.5, "strategy": "bald", "final_regret": 7.656707763671875}
{"seed": 4, "user": 5, "rho": 0.5, "strategy": "voi", "final_regret": 0.27504825592041016}
{"seed": 4, "user": 5, "rho": 0.5, "strategy": "oracle", "final_regret": 9.576397895812988}
{"seed": 4, "user": 6, "rho": 0.5, "strategy": "random", "final_regret": 1.4757928848266602}
{"seed": 4, "user": 6, "rho": 0.5, "strategy": "bald", "final_regret": 0.08425426483154297}
{"seed": 4, "user": 6, "rho": 0.5, "strategy": "voi", "final_regret": 0.08194637298583984}
{"seed": 4, "user": 6, "rho": 0.5, "strategy": "oracle", "final_regret": 0.0239105224609375}
{"seed": 4, "user": 7, "rho": 0.5, "strategy": "random", "final_regret": 1.3777709007263184}
{"seed": 4, "user": 7, "rho": 0.5, "strategy": "bald", "final_regret": 0.0031261444091796875}
{"seed": 4, "user": 7, "rho": 0.5, "strategy": "voi", "final_regret": 9.625930786132812}
{"seed": 4, "user": 7, "rho": 0.5, "strategy": "oracle", "final_regret": 1.2955904006958008}
{"seed": 4, "user": 8, "rho": 0.5, "strategy": "random", "final_regret": 2.3984546661376953}
{"seed": 4, "user": 8, "rho": 0.5, "strategy": "bald", "final_regret": 0.16357994079589844}
{"seed": 4, "user": 8, "rho": 0.5, "strategy": "voi", "final_regret": 0.2629375457763672}
{"seed": 4, "user": 8, "rho": 0.5, "strategy": "oracle", "final_regret": 0.019563674926757812}
{"seed": 4, "user": 9, "rho": 0.5, "strategy": "random", "final_regret": 6.633359909057617}
{"seed": 4, "user": 9, "rho": 0.5, "strategy": "bald", "final_regret": 1.370962142944336}
{"seed": 4, "user": 9, "rho": 0.5, "strategy": "voi", "final_regret": 0.020124435424804688}
{"seed": 4, "user": 9, "rho": 0.5, "strategy": "oracle", "final_regret": -9.5367431640625e-06}
{"seed": 4, "user": 10, "rho": 0.5, "strategy": "random", "final_regret": 0.08146297931671143}
{"seed": 4, "user": 10, "rho": 0.5, "strategy": "bald", "final_regret": 3.1166255474090576}
{"seed": 4, "user": 10, "rho": 0.5, "strategy": "voi", "final_regret": 0.027216076850891113}
{"seed": 4, "user": 10, "rho": 0.5, "strategy": "oracle", "final_regret": 2.4924697875976562}
{"seed": 4, "user": 11, "rho": 0.5, "strategy": "random", "final_regret": 0.051703453063964844}
{"seed": 4, "user": 11, "rho": 0.5, "strategy": "bald", "final_regret": 6.859617233276367}
{"seed": 4, "user": 11, "rho": 0.5, "strategy": "voi", "final_regret": 0.2504439353942871}
{"seed": 4, "user": 11, "rho": 0.5, "strategy": "oracle", "final_regret": 0.26911497116088867}
{"seed": 5, "user": 0, "rho": 0.5, "strategy": "random", "final_regret": 0.10194969177246094}
{"seed": 5, "user": 0, "rho": 0.5, "strategy": "bald", "final_regret": 0.003032684326171875}
{"seed": 5, "user": 0, "rho": 0.5, "strategy": "voi", "final_regret": 0.644352912902832}
{"seed": 5, "user": 0, "rho": 0.5, "strategy": "oracle", "final_regret": 0.05523109436035156}
{"seed": 5, "user": 1, "rho": 0.5, "strategy": "random", "final_regret": 0.00041832029819488525}
{"seed": 5, "user": 1, "rho": 0.5, "strategy": "bald", "final_regret": 1.011649250984192}
{"seed": 5, "user": 1, "rho": 0.5, "strategy": "voi", "final_regret": 0.019965313374996185}
{"seed": 5, "user": 1, "rho": 0.5, "strategy": "oracle", "final_regret": 0.00041832029819488525}
{"seed": 5, "user": 2, "rho": 0.5, "strategy": "random", "final_regret": 0.4234905242919922}
{"seed": 5, "user": 2, "rho": 0.5, "strategy": "bald", "final_regret": 1.0379762649536133}
{"seed": 5, "user": 2, "rho": 0.5, "strategy": "voi", "final_regret": 3.866318702697754}
{"seed": 5, "user": 2, "rho": 0.5, "strategy": "oracle", "final_regret": 0.041900634765625}
{"seed": 5, "user": 3, "rho": 0.5, "strategy": "random", "final_regret": 1.2051860094070435}
{"seed": 5, "user": 3, "rho": 0.5, "strategy": "bald", "final_regret": 1.5932995080947876}
{"seed": 5, "user": 3, "rho": 0.5, "strategy": "voi", "final_regret": 1.026021122932434}
{"seed": 5, "user": 3, "rho": 0.5, "strategy": "oracle", "final_regret": 1.0502523183822632}
{"seed": 5, "user": 4, "rho": 0.5, "strategy": "random", "final_regret": 4.067254543304443}
{"seed": 5, "user": 4, "rho": 0.5, "strategy": "bald", "final_regret": 0.0852975845336914}
{"seed": 5, "user": 4, "rho": 0.5, "strategy": "voi", "final_regret": 4.266678333282471}
{"seed": 5, "user": 4, "rho": 0.5, "strategy": "oracle", "final_regret": -1.430511474609375e-05}
{"seed": 5, "user": 5, "rho": 0.5, "strategy": "random", "final_regret": 0.29862725734710693}
{"seed": 5, "user": 5, "rho": 0.5, "strategy": "bald", "final_regret": 0.3470020294189453}
{"seed": 5, "user": 5, "rho": 0.5, "strategy": "voi", "final_regret": 0.35345733165740967}
{"seed": 5, "user": 5, "rho": 0.5, "strategy": "oracle", "final_regret": 0.02092510461807251}
{"seed": 5, "user": 6, "rho": 0.5, "strategy": "random", "final_regret": 1.251537799835205}
{"seed": 5, "user": 6, "rho": 0.5, "strategy": "bald", "final_regret": 1.2496044635772705}
{"seed": 5, "user": 6, "rho": 0.5, "strategy": "voi", "final_regret": 6.562431335449219}
{"seed": 5, "user": 6, "rho": 0.5, "strategy": "oracle", "final_regret": 1.2496044635772705}
{"seed": 5, "user": 7, "rho": 0.5, "strategy": "random", "final_regret": 0.34721386432647705}
{"seed": 5, "user": 7, "rho": 0.5, "strategy": "bald", "final_regret": 0.3623242974281311}
{"seed": 5, "user": 7, "rho": 0.5, "strategy": "voi", "final_regret": 0.34721386432647705}
{"seed": 5, "user": 7, "rho": 0.5, "strategy": "oracle", "final_regret": 0.060360491275787354}
{"seed": 5, "user": 8, "rho": 0.5, "strategy": "random", "final_regret": 2.81788969039917}
{"seed": 5, "user": 8, "rho": 0.5, "strategy": "bald", "final_regret": 1.1920928955078125e-07}
{"seed": 5, "user": 8, "rho": 0.5, "strategy": "voi", "final_regret": 1.1920928955078125e-07}
{"seed": 5, "user": 8, "rho": 0.5, "strategy": "oracle", "final_regret": 2.9308223724365234}
{"seed": 5, "user": 9, "rho": 0.5, "strategy": "random", "final_regret": 0.7466392517089844}
{"seed": 5, "user": 9, "rho": 0.5, "strategy": "bald", "final_regret": 0.6962175369262695}
{"seed": 5, "user": 9, "rho": 0.5, "strategy": "voi", "final_regret": 0.22885608673095703}
{"seed": 5, "user": 9, "rho": 0.5, "strategy": "oracle", "final_regret": 0.00372314453125}
{"seed": 5, "user": 10, "rho": 0.5, "strategy": "random", "final_regret": 0.3727912902832031}
{"seed": 5, "user": 10, "rho": 0.5, "strategy": "bald", "final_regret": 2.8746986389160156}
{"seed": 5, "user": 10, "rho": 0.5, "strategy": "voi", "final_regret": 4.3463544845581055}
{"seed": 5, "user": 10, "rho": 0.5, "strategy": "oracle", "final_regret": 0.20099258422851562}
{"seed": 5, "user": 11, "rho": 0.5, "strategy": "random", "final_regret": 0.033676326274871826}
{"seed": 5, "user": 11, "rho": 0.5, "strategy": "bald", "final_regret": 0.1856653094291687}
{"seed": 5, "user": 11, "rho": 0.5, "strategy": "voi", "final_regret": 0.013741135597229004}
{"seed": 5, "user": 11, "rho": 0.5, "strategy": "oracle", "final_regret": 0.012152493000030518}
{"seed": 6, "user": 0, "rho": 0.5, "strategy": "random", "final_regret": 0.09961986541748047}
{"seed": 6, "user": 0, "rho": 0.5, "strategy": "bald", "final_regret": 0.15494346618652344}
{"seed": 6, "user": 0, "rho": 0.5, "strategy": "voi", "final_regret": 0.48748779296875}
{"seed": 6, "user": 0, "rho": 0.5, "strategy": "oracle", "final_regret": 0.08807373046875}
{"seed": 6, "user": 1, "rho": 0.5, "strategy": "random", "final_regret": 3.356497287750244}
{"seed": 6, "user": 1, "rho": 0.5, "strategy": "bald", "final_regret": 0.0}
{"seed": 6, "user": 1, "rho": 0.5, "strategy": "voi", "final_regret": 0.0020426511764526367}
{"seed": 6, "user": 1, "rho": 0.5, "strategy": "oracle", "final_regret": 0.0020426511764526367}
{"seed": 6, "user": 2, "rho": 0.5, "strategy": "random", "final_regret": 0.0}
{"seed": 6, "user": 2, "rho": 0.5, "strategy": "bald", "final_regret": 0.0}
{"seed": 6, "user": 2, "rho": 0.5, "strategy": "voi", "final_regret": 0.0}
{"seed": 6, "user": 2, "rho": 0.5, "strategy": "oracle", "final_regret": 0.03704071044921875}
{"seed": 6, "user": 3, "rho": 0.5, "strategy": "random", "final_regret": 3.148756980895996}
{"seed": 6, "user": 3, "rho": 0.5, "strategy": "bald", "final_regret": 6.349996566772461}
{"seed": 6, "user": 3, "rho": 0.5, "strategy": "voi", "final_regret": 0.022735595703125}
{"seed": 6, "user": 3, "rho": 0.5, "strategy": "oracle", "final_regret": 3.1733436584472656}
{"seed": 6, "user": 4, "rho": 0.5, "strategy": "random", "final_regret": 1.0135178565979004}
{"seed": 6, "user": 4, "rho": 0.5, "strategy": "bald", "final_regret": 0.43941545486450195}
{"seed": 6, "user": 4, "rho": 0.5, "strategy": "voi", "final_regret": 0.42914819717407227}
{"seed": 6, "user": 4, "rho": 0.5, "strategy": "oracle", "final_regret": 1.021773338317871}
{"seed": 6, "user": 5, "rho": 0.5, "strategy": "random", "final_regret": 1.2013368606567383}
{"seed": 6, "user": 5, "rho": 0.5, "strategy": "bald", "final_regret": 3.727015972137451}
{"seed": 6, "user": 5, "rho": 0.5, "strategy": "voi", "final_regret": 8.974502563476562}
{"seed": 6, "user": 5, "rho": 0.5, "strategy": "oracle", "final_regret": 4.31065559387207}
{"seed": 6, "user": 6, "rho": 0.5, "strategy": "random", "final_regret": 5.121170520782471}
{"seed": 6, "user": 6, "rho": 0.5, "strategy": "bald", "final_regret": 0.09189450740814209}
{"seed": 6, "user": 6, "rho": 0.5, "strategy": "voi", "final_regret": 3.280477523803711}
{"seed": 6, "user": 6, "rho": 0.5, "strategy": "oracle", "final_regret": 0.09189450740814209}
{"seed": 6, "user": 7, "rho": 0.5, "strategy": "random", "final_regret": 0.04430866241455078}
{"seed": 6, "user": 7, "rho": 0.5, "strategy": "bald", "final_regret": 0.03698253631591797}
{"seed": 6, "user": 7, "rho": 0.5, "strategy": "voi", "final_regret": 0.3340921401977539}
{"seed": 6, "user": 7, "rho": 0.5, "strategy": "oracle", "final_regret": 0.2431955337524414}
{"seed": 6, "user": 8, "rho": 0.5, "strategy": "random", "final_regret": 0.01085662841796875}
{"seed": 6, "user": 8, "rho": 0.5, "strategy": "bald", "final_regret": 4.3807525634765625}
{"seed": 6, "user": 8, "rho": 0.5, "strategy": "voi", "final_regret": 0.01163172721862793}
{"seed": 6, "user": 8, "rho": 0.5, "strategy": "oracle", "final_regret": 0.01163172721862793}
{"seed": 6, "user": 9, "rho": 0.5, "strategy": "random", "final_regret": 1.0359899997711182}
{"seed": 6, "user": 9, "rho": 0.5, "strategy": "bald", "final_regret": 1.0465071201324463}
{"seed": 6, "user": 9, "rho": 0.5, "strategy": "voi", "final_regret": 3.563739061355591}
{"seed": 6, "user": 9, "rho": 0.5, "strategy": "oracle", "final_regret": 1.6129357814788818}
{"seed": 6, "user": 10, "rho": 0.5, "strategy": "random", "final_regret": 0.0}
{"seed": 6, "user": 10, "rho": 0.5, "strategy": "bald", "final_regret": 0.0}
{"seed": 6, "user": 10, "rho": 0.5, "strategy": "voi", "final_regret": 0.0}
{"seed": 6, "user": 10, "rho": 0.5, "strategy": "oracle", "final_regret": 0.041379451751708984}
{"seed": 6, "user": 11, "rho": 0.5, "strategy": "random", "final_regret": 3.7387778759002686}
{"seed": 6, "user": 11, "rho": 0.5, "strategy": "bald", "final_regret": 3.739305257797241}
{"seed": 6, "user": 11, "rho": 0.5, "strategy": "voi", "final_regret": 3.7387778759002686}
{"seed": 6, "user": 11, "rho": 0.5, "strategy": "oracle", "final_regret": 2.2224836349487305}
{"seed": 7, "user": 0, "rho": 0.5, "strategy": "random", "final_regret": 0.024435102939605713}
{"seed": 7, "user": 0, "rho": 0.5, "strategy": "bald", "final_regret": 1.421217918395996}
{"seed": 7, "user": 0, "rho": 0.5, "strategy": "voi", "final_regret": 1.449939250946045}
{"seed": 7, "user": 0, "rho": 0.5, "strategy": "oracle", "final_regret": 0.002948582172393799}
{"seed": 7, "user": 1, "rho": 0.5, "strategy": "random", "final_regret": 0.04539608955383301}
{"seed": 7, "user": 1, "rho": 0.5, "strategy": "bald", "final_regret": 0.04392433166503906}
{"seed": 7, "user": 1, "rho": 0.5, "strategy": "voi", "final_regret": 0.04539608955383301}
{"seed": 7, "user": 1, "rho": 0.5, "strategy": "oracle", "final_regret": 0.10878968238830566}
{"seed": 7, "user": 2, "rho": 0.5, "strategy": "random", "final_regret": 0.41376757621765137}
{"seed": 7, "user": 2, "rho": 0.5, "strategy": "bald", "final_regret": 2.483253240585327}
{"seed": 7, "user": 2, "rho": 0.5, "strategy": "voi", "final_regret": 2.483253240585327}
{"seed": 7, "user": 2, "rho": 0.5, "strategy": "oracle", "final_regret": 2.483253240585327}
{"seed": 7, "user": 3, "rho": 0.5, "strategy": "random", "final_regret": 0.0}
{"seed": 7, "user": 3, "rho": 0.5, "strategy": "bald", "final_regret": 1.4953255653381348}
{"seed": 7, "user": 3, "rho": 0.5, "strategy": "voi", "final_regret": 0.8084671497344971}
{"seed": 7, "user": 3, "rho": 0.5, "strategy": "oracle", "final_regret": 0.04760587215423584}
{"seed": 7, "user": 4, "rho": 0.5, "strategy": "random", "final_regret": 0.0027036666870117188}
{"seed": 7, "user": 4, "rho": 0.5, "strategy": "bald", "final_regret": 0.0027036666870117188}
{"seed": 7, "user": 4, "rho": 0.5, "strategy": "voi", "final_regret": 2.384185791015625e-07}
{"seed": 7, "user": 4, "rho": 0.5, "strategy": "oracle", "final_regret": 0.013257741928100586}
{"seed": 7, "user": 5, "rho": 0.5, "strategy": "random", "final_regret": 2.360687255859375}
{"seed": 7, "user": 5, "rho": 0.5, "strategy": "bald", "final_regret": 6.6396589279174805}
{"seed": 7, "user": 5, "rho": 0.5, "strategy": "voi", "final_regret": 2.453176975250244}
{"seed": 7, "user": 5, "rho": 0.5, "strategy": "oracle", "final_regret": 4.018031120300293}
{"seed": 7, "user": 6, "rho": 0.5, "strategy": "random", "final_regret": 5.165322303771973}
{"seed": 7, "user": 6, "rho": 0.5, "strategy": "bald", "final_regret": 1.4523131847381592}
{"seed": 7, "user": 6, "rho": 0.5, "strategy": "voi", "final_regret": 2.4297776222229004}
{"seed": 7, "user": 6, "rho": 0.5, "strategy": "oracle", "final_regret": 0.292266845703125}
{"seed": 7, "user": 7, "rho": 0.5, "strategy": "random", "final_regret": 1.8530263900756836}
{"seed": 7, "user": 7, "rho": 0.5, "strategy": "bald", "final_regret": 1.8831157684326172}
{"seed": 7, "user": 7, "rho": 0.5, "strategy": "voi", "final_regret": 2.087263584136963}
{"seed": 7, "user": 7, "rho": 0.5, "strategy": "oracle", "final_regret": 0.30348634719848633}
{"seed": 7, "user": 8, "rho": 0.5, "strategy": "random", "final_regret": 3.491288900375366}
{"seed": 7, "user": 8, "rho": 0.5, "strategy": "bald", "final_regret": 3.506913185119629}
{"seed": 7, "user": 8, "rho": 0.5, "strategy": "voi", "final_regret": 3.515424966812134}
{"seed": 7, "user": 8, "rho": 0.5, "strategy": "oracle", "final_regret": 3.485020637512207}
{"seed": 7, "user": 9, "rho": 0.5, "strategy": "random", "final_regret": 0.030366897583007812}
{"seed": 7, "user": 9, "rho": 0.5, "strategy": "bald", "final_regret": 0.020987391471862793}
{"seed": 7, "user": 9, "rho": 0.5, "strategy": "voi", "final_regret": 2.954954147338867}
{"seed": 7, "user": 9, "rho": 0.5, "strategy": "oracle", "final_regret": 0.030366897583007812}
{"seed": 7, "user": 10, "rho": 0.5, "strategy": "random", "final_regret": 0.05309295654296875}
{"seed": 7, "user": 10, "rho": 0.5, "strategy": "bald", "final_regret": 0.0015108585357666016}
{"seed": 7, "user": 10, "rho": 0.5, "strategy": "voi", "final_regret": 0.1359182596206665}
{"seed": 7, "user": 10, "rho": 0.5, "strategy": "oracle", "final_regret": 0.012204766273498535}
{"seed": 7, "user": 11, "rho": 0.5, "strategy": "random", "final_regret": 0.004113316535949707}
{"seed": 7, "user": 11, "rho": 0.5, "strategy": "bald", "final_regret": 4.084412574768066}
{"seed": 7, "user": 11, "rho": 0.5, "strategy": "voi", "final_regret": 0.014581680297851562}
{"seed": 7, "user": 11, "rho": 0.5, "strategy": "oracle", "final_regret": 0.006706953048706055}
{"seed": 8, "user": 0, "rho": 0.5, "strategy": "random", "final_regret": 0.2498779296875}
{"seed": 8, "user": 0, "rho": 0.5, "strategy": "bald", "final_regret": 1.1228618621826172}
{"seed": 8, "user": 0, "rho": 0.5, "strategy": "voi", "final_regret": 0.9890336990356445}
{"seed": 8, "user": 0, "rho": 0.5, "strategy": "oracle", "final_regret": 0.0257720947265625}
{"seed": 8, "user": 1, "rho": 0.5, "strategy": "random", "final_regret": 3.782973289489746}
{"seed": 8, "user": 1, "rho": 0.5, "strategy": "bald", "final_regret": 2.848393440246582}
{"seed": 8, "user": 1, "rho": 0.5, "strategy": "voi", "final_regret": 2.829378128051758}
{"seed": 8, "user": 1, "rho": 0.5, "strategy": "oracle", "final_regret": 0.0074405670166015625}
{"seed": 8, "user": 2, "rho": 0.5, "strategy": "random", "final_regret": 1.6731672286987305}
{"seed": 8, "user": 2, "rho": 0.5, "strategy": "bald", "final_regret": 1.584930181503296}
{"seed": 8, "user": 2, "rho": 0.5, "strategy": "voi", "final_regret": 0.5987734794616699}
{"seed": 8, "user": 2, "rho": 0.5, "strategy": "oracle", "final_regret": 0.005347728729248047}
{"seed": 8, "user": 3, "rho": 0.5, "strategy": "random", "final_regret": 0.23216533660888672}
{"seed": 8, "user": 3, "rho": 0.5, "strategy": "bald", "final_regret": 0.9818549156188965}
{"seed": 8, "user": 3, "rho": 0.5, "strategy": "voi", "final_regret": 0.02718067169189453}
{"seed": 8, "user": 3, "rho": 0.5, "strategy": "oracle", "final_regret": 0.1101837158203125}
{"seed": 8, "user": 4, "rho": 0.5, "strategy": "random", "final_regret": 1.069392204284668}
{"seed": 8, "user": 4, "rho": 0.5, "strategy": "bald", "final_regret": 1.634145736694336}
{"seed": 8, "user": 4, "rho": 0.5, "strategy": "voi", "final_regret": 1.5857954025268555}
{"seed": 8, "user": 4, "rho": 0.5, "strategy": "oracle", "final_regret": 1.0737619400024414}
{"seed": 8, "user": 5, "rho": 0.5, "strategy": "random", "final_regret": 11.221784591674805}
{"seed": 8, "user": 5, "rho": 0.5, "strategy": "bald", "final_regret": 0.040192604064941406}
{"seed": 8, "user": 5, "rho": 0.5, "strategy": "voi", "final_regret": 2.072418212890625}
{"seed": 8, "user": 5, "rho": 0.5, "strategy": "oracle", "final_regret": 0.011500358581542969}
{"seed": 8, "user": 6, "rho": 0.5, "strategy": "random", "final_regret": 3.7952680587768555}
{"seed": 8, "user": 6, "rho": 0.5, "strategy": "bald", "final_regret": 5.950024127960205}
{"seed": 8, "user": 6, "rho": 0.5, "strategy": "voi", "final_regret": 4.748298168182373}
{"seed": 8, "user": 6, "rho": 0.5, "strategy": "oracle", "final_regret": 0.02461719512939453}
{"seed": 8, "user": 7, "rho": 0.5, "strategy": "random", "final_regret": 0.06089496612548828}
{"seed": 8, "user": 7, "rho": 0.5, "strategy": "bald", "final_regret": 0.4132051467895508}
{"seed": 8, "user": 7, "rho": 0.5, "strategy": "voi", "final_regret": 1.0164766311645508}
{"seed": 8, "user": 7, "rho": 0.5, "strategy": "oracle", "final_regret": 0.6274356842041016}
{"seed": 8, "user": 8, "rho": 0.5, "strategy": "random", "final_regret": 0.0065212249755859375}
{"seed": 8, "user": 8, "rho": 0.5, "strategy": "bald", "final_regret": 0.0065212249755859375}
{"seed": 8, "user": 8, "rho": 0.5, "strategy": "voi", "final_regret": 0.0065212249755859375}
{"seed": 8, "user": 8, "rho": 0.5, "strategy": "oracle", "final_regret": 0.16656875610351562}
{"seed": 8, "user": 9, "rho": 0.5, "strategy": "random", "final_regret": 7.690423011779785}
{"seed": 8, "user": 9, "rho": 0.5, "strategy": "bald", "final_regret": 0.9233741760253906}
{"seed": 8, "user": 9, "rho": 0.5, "strategy": "voi", "final_regret": 0.012554168701171875}
{"seed": 8, "user": 9, "rho": 0.5, "strategy": "oracle", "final_regret": 0.012554168701171875}
{"seed": 8, "user": 10, "rho": 0.5, "strategy": "random", "final_regret": 7.282737731933594}
{"seed": 8, "user": 10, "rho": 0.5, "strategy": "bald", "final_regret": 0.11470746994018555}
{"seed": 8, "user": 10, "rho": 0.5, "strategy": "voi", "final_regret": 4.3853912353515625}
{"seed": 8, "user": 10, "rho": 0.5, "strategy": "oracle", "final_regret": 0.07089114189147949}
{"seed": 8, "user": 11, "rho": 0.5, "strategy": "random", "final_regret": 1.737527847290039}
{"seed": 8, "user": 11, "rho": 0.5, "strategy": "bald", "final_regret": 0.00316619873046875}
{"seed": 8, "user": 11, "rho": 0.5, "strategy": "voi", "final_regret": 0.0029582977294921875}
{"seed": 8, "user": 11, "rho": 0.5, "strategy": "oracle", "final_regret": 0.001064300537109375}
{"seed": 9, "user": 0, "rho": 0.5, "strategy": "random", "final_regret": 0.3375362753868103}
{"seed": 9, "user": 0, "rho": 0.5, "strategy": "bald", "final_regret": 0.21938331425189972}
{"seed": 9, "user": 0, "rho": 0.5, "strategy": "voi", "final_regret": 0.021990075707435608}
{"seed": 9, "user": 0, "rho": 0.5, "strategy": "oracle", "final_regret": 0.07355104386806488}
{"seed": 9, "user": 1, "rho": 0.5, "strategy": "random", "final_regret": 0.1695953607559204}
{"seed": 9, "user": 1, "rho": 0.5, "strategy": "bald", "final_regret": 0.17318493127822876}
{"seed": 9, "user": 1, "rho": 0.5, "strategy": "voi", "final_regret": 0.1695953607559204}
{"seed": 9, "user": 1, "rho": 0.5, "strategy": "oracle", "final_regret": 0.20912384986877441}
{"seed": 9, "user": 2, "rho": 0.5, "strategy": "random", "final_regret": 0.48588991165161133}
{"seed": 9, "user": 2, "rho": 0.5, "strategy": "bald", "final_regret": 0.011020660400390625}
{"seed": 9, "user": 2, "rho": 0.5, "strategy": "voi", "final_regret": 1.7862210273742676}
{"seed": 9, "user": 2, "rho": 0.5, "strategy": "oracle", "final_regret": 4.231317520141602}
{"seed": 9, "user": 3, "rho": 0.5, "strategy": "random", "final_regret": 0.003663778305053711}
{"seed": 9, "user": 3, "rho": 0.5, "strategy": "bald", "final_regret": 0.05880570411682129}
{"seed": 9, "user": 3, "rho": 0.5, "strategy": "voi", "final_regret": 0.02154827117919922}
{"seed": 9, "user": 3, "rho": 0.5, "strategy": "oracle", "final_regret": 0.05375051498413086}
{"seed": 9, "user": 4, "rho": 0.5, "strategy": "random", "final_regret": 0.27056246995925903}
{"seed": 9, "user": 4, "rho": 0.5, "strategy": "bald", "final_regret": 0.2820587754249573}
{"seed": 9, "user": 4, "rho": 0.5, "strategy": "voi", "final_regret": 0.2817463278770447}
{"seed": 9, "user": 4, "rho": 0.5, "strategy": "oracle", "final_regret": 0.007299244403839111}
{"seed": 9, "user": 5, "rho": 0.5, "strategy": "random", "final_regret": 0.4758431911468506}
{"seed": 9, "user": 5, "rho": 0.5, "strategy": "bald", "final_regret": 2.6042661666870117}
{"seed": 9, "user": 5, "rho": 0.5, "strategy": "voi", "final_regret": 2.6147096157073975}
{"seed": 9, "user": 5, "rho": 0.5, "strategy": "oracle", "final_regret": 0.009651899337768555}
{"seed": 9, "user": 6, "rho": 0.5, "strategy": "random", "final_regret": 4.370009899139404}
{"seed": 9, "user": 6, "rho": 0.5, "strategy": "bald", "final_regret": 4.984783172607422}
{"seed": 9, "user": 6, "rho": 0.5, "strategy": "voi", "final_regret": 4.3287434577941895}
{"seed": 9, "user": 6, "rho": 0.5, "strategy": "oracle", "final_regret": 0.0708165168762207}
{"seed": 9, "user": 7, "rho": 0.5, "strategy": "random", "final_regret": 7.318258285522461}
{"seed": 9, "user": 7, "rho": 0.5, "strategy": "bald", "final_regret": 7.286804676055908}
{"seed": 9, "user": 7, "rho": 0.5, "strategy": "voi", "final_regret": 6.409392356872559}
{"seed": 9, "user": 7, "rho": 0.5, "strategy": "oracle", "final_regret": 0.3352775573730469}
{"seed": 9, "user": 8, "rho": 0.5, "strategy": "random", "final_regret": 11.964844703674316}
{"seed": 9, "user": 8, "rho": 0.5, "strategy": "bald", "final_regret": 0.07866859436035156}
{"seed": 9, "user": 8, "rho": 0.5, "strategy": "voi", "final_regret": 0.07866859436035156}
{"seed": 9, "user": 8, "rho": 0.5, "strategy": "oracle", "final_regret": 0.0627889633178711}
{"seed": 9, "user": 9, "rho": 0.5, "strategy": "random", "final_regret": 0.43826866149902344}
{"seed": 9, "user": 9, "rho": 0.5, "strategy": "bald", "final_regret": 0.44138050079345703}
{"seed": 9, "user": 9, "rho": 0.5, "strategy": "voi", "final_regret": 0.10381031036376953}
{"seed": 9, "user": 9, "rho": 0.5, "strategy": "oracle", "final_regret": 0.08118724822998047}
{"seed": 9, "user": 10, "rho": 0.5, "strategy": "random", "final_regret": 0.05560028553009033}
{"seed": 9, "user": 10, "rho": 0.5, "strategy": "bald", "final_regret": 0.0052852630615234375}
{"seed": 9, "user": 10, "rho": 0.5, "strategy": "voi", "final_regret": 0.0052852630615234375}
{"seed": 9, "user": 10, "rho": 0.5, "strategy": "oracle", "final_regret": 0.9829826354980469}
{"seed": 9, "user": 11, "rho": 0.5, "strategy": "random", "final_regret": 0.035628676414489746}
{"seed": 9, "user": 11, "rho": 0.5, "strategy": "bald", "final_regret": 0.04126286506652832}
{"seed": 9, "user": 11, "rho": 0.5, "strategy": "voi", "final_regret": 10.010778427124023}
{"seed": 9, "user": 11, "rho": 0.5, "strategy": "oracle", "final_regret": 0.08261871337890625}
{"seed": 0, "user": 0, "rho": 0.75, "strategy": "random", "final_regret": 0.005995750427246094}
{"seed": 0, "user": 0, "rho": 0.75, "strategy": "bald", "final_regret": 0.01590251922607422}
{"seed": 0, "user": 0, "rho": 0.75, "strategy": "voi", "final_regret": 0.01590251922607422}
{"seed": 0, "user": 0, "rho": 0.75, "strategy": "oracle", "final_regret": 0.005995750427246094}
{"seed": 0, "user": 1, "rho": 0.75, "strategy": "random", "final_regret": 0.3373870849609375}
{"seed": 0, "user": 1, "rho": 0.75, "strategy": "bald", "final_regret": 0.014327049255371094}
{"seed": 0, "user": 1, "rho": 0.75, "strategy": "voi", "final_regret": 0.004550933837890625}
{"seed": 0, "user": 1, "rho": 0.75, "strategy": "oracle", "final_regret": 0.17208480834960938}
{"seed": 0, "user": 2, "rho": 0.75, "strategy": "random", "final_regret": 4.1918840408325195}
{"seed": 0, "user": 2, "rho": 0.75, "strategy": "bald", "final_regret": 9.34600830078125e-05}
{"seed": 0, "user": 2, "rho": 0.75, "strategy": "voi", "final_regret": 1.3532207012176514}
{"seed": 0, "user": 2, "rho": 0.75, "strategy": "oracle", "final_regret": -1.6689300537109375e-06}
{"seed": 0, "user": 3, "rho": 0.75, "strategy": "random", "final_regret": 0.024875640869140625}
{"seed": 0, "user": 3, "rho": 0.75, "strategy": "bald", "final_regret": 0.046860694885253906}
{"seed": 0, "user": 3, "rho": 0.75, "strategy": "voi", "final_regret": 0.024875640869140625}
{"seed": 0, "user": 3, "rho": 0.75, "strategy": "oracle", "final_regret": 0.0006170272827148438}
{"seed": 0, "user": 4, "rho": 0.75, "strategy": "random", "final_regret": 2.3364877700805664}
{"seed": 0, "user": 4, "rho": 0.75, "strategy": "bald", "final_regret": 0.05884599685668945}
{"seed": 0, "user": 4, "rho": 0.75, "strategy": "voi", "final_regret": 0.032193660736083984}
{"seed": 0, "user": 4, "rho": 0.75, "strategy": "oracle", "final_regret": 2.378936290740967}
{"seed": 0, "user": 5, "rho": 0.75, "strategy": "random", "final_regret": 1.5766191482543945}
{"seed": 0, "user": 5, "rho": 0.75, "strategy": "bald", "final_regret": 1.5560946464538574}
{"seed": 0, "user": 5, "rho": 0.75, "strategy": "voi", "final_regret": 1.5667896270751953}
{"seed": 0, "user": 5, "rho": 0.75, "strategy": "oracle", "final_regret": -1.33514404296875e-05}
{"seed": 0, "user": 6, "rho": 0.75, "strategy": "random", "final_regret": -1.9550323486328125e-05}
{"seed": 0, "user": 6, "rho": 0.75, "strategy": "bald", "final_regret": 5.9222307205200195}
{"seed": 0, "user": 6, "rho": 0.75, "strategy": "voi", "final_regret": 0.00058746337890625}
{"seed": 0, "user": 6, "rho": 0.75, "strategy": "oracle", "final_regret": 0.00058746337890625}
{"seed": 0, "user": 7, "rho": 0.75, "strategy": "random", "final_regret": 4.896533489227295}
{"seed": 0, "user": 7, "rho": 0.75, "strategy": "bald", "final_regret": 0.034951210021972656}
{"seed": 0, "user": 7, "rho": 0.75, "strategy": "voi", "final_regret": 0.0006074905395507812}
{"seed": 0, "user": 7, "rho": 0.75, "strategy": "oracle", "final_regret": 0.0006074905395507812}
{"seed": 0, "user": 8, "rho": 0.75, "strategy": "random", "final_regret": 0.009890437126159668}
{"seed": 0, "user": 8, "rho": 0.75, "strategy": "bald", "final_regret": 1.3428620100021362}
{"seed": 0, "user": 8, "rho": 0.75, "strategy": "voi", "final_regret": 0.18800735473632812}
{"seed": 0, "user": 8, "rho": 0.75, "strategy": "oracle", "final_regret": -3.5762786865234375e-07}
{"seed": 0, "user": 9, "rho": 0.75, "strategy": "random", "final_regret": 0.0011341571807861328}
{"seed": 0, "user": 9, "rho": 0.75, "strategy": "bald", "final_regret": 0.19182920455932617}
{"seed": 0, "user": 9, "rho": 0.75, "strategy": "voi", "final_regret": 0.004436373710632324}
{"seed": 0, "user": 9, "rho": 0.75, "strategy": "oracle", "final_regret": 0.0011341571807861328}
{"seed": 0, "user": 10, "rho": 0.75, "strategy": "random", "final_regret": 0.00579071044921875}
{"seed": 0, "user": 10, "rho": 0.75, "strategy": "bald", "final_regret": -1.9073486328125e-05}
{"seed": 0, "user": 10, "rho": 0.75, "strategy": "voi", "final_regret": 7.394146919250488}
{"seed": 0, "user": 10, "rho": 0.75, "strategy": "oracle", "final_regret": 0.9619541168212891}
{"seed": 0, "user": 11, "rho": 0.75, "strategy": "random", "final_regret": 8.860759735107422}
{"seed": 0, "user": 11, "rho": 0.75, "strategy": "bald", "final_regret": 8.85842227935791}
{"seed": 0, "user": 11, "rho": 0.75, "strategy": "voi", "final_regret": 8.721367835998535}
{"seed": 0, "user": 11, "rho": 0.75, "strategy": "oracle", "final_regret": 0.8694488406181335}
{"seed": 1, "user": 0, "rho": 0.75, "strategy": "random", "final_regret": 2.067192554473877}
{"seed": 1, "user": 0, "rho": 0.75, "strategy": "bald", "final_regret": -1.9073486328125e-06}
{"seed": 1, "user": 0, "rho": 0.75, "strategy": "voi", "final_regret": 0.055185675621032715}
{"seed": 1, "user": 0, "rho": 0.75, "strategy": "oracle", "final_regret": 0.03717195987701416}
{"seed": 1, "user": 1, "rho": 0.75, "strategy": "random", "final_regret": 8.3212308883667}
{"seed": 1, "user": 1, "rho": 0.75, "strategy": "bald", "final_regret": 8.223594665527344}
{"seed": 1, "user": 1, "rho": 0.75, "strategy": "voi", "final_regret": 1.7258254289627075}
{"seed": 1, "user": 1, "rho": 0.75, "strategy": "oracle", "final_regret": 3.5762786865234375e-07}
{"seed": 1, "user": 2, "rho": 0.75, "strategy": "random", "final_regret": 12.829540252685547}
{"seed": 1, "user": 2, "rho": 0.75, "strategy": "bald", "final_regret": 1.1920928955078125e-07}
{"seed": 1, "user": 2, "rho": 0.75, "strategy": "voi", "final_regret": 0.0058689117431640625}
{"seed": 1, "user": 2, "rho": 0.75, "strategy": "oracle", "final_regret": 1.1920928955078125e-07}
{"seed": 1, "user": 3, "rho": 0.75, "strategy": "random", "final_regret": 3.34604549407959}
{"seed": 1, "user": 3, "rho": 0.75, "strategy": "bald", "final_regret": 0.028971195220947266}
{"seed": 1, "user": 3, "rho": 0.75, "strategy": "voi", "final_regret": 3.1766014099121094}
{"seed": 1, "user": 3, "rho": 0.75, "strategy": "oracle", "final_regret": 0.028971195220947266}
{"seed": 1, "user": 4, "rho": 0.75, "strategy": "random", "final_regret": 0.42116785049438477}
{"seed": 1, "user": 4, "rho": 0.75, "strategy": "bald", "final_regret": 0.13779449462890625}
{"seed": 1, "user": 4, "rho": 0.75, "strategy": "voi", "final_regret": -5.245208740234375e-06}
{"seed": 1, "user": 4, "rho": 0.75, "strategy": "oracle", "final_regret": 0.16310930252075195}
{"seed": 1, "user": 5, "rho": 0.75, "strategy": "random", "final_regret": 0.48469340801239014}
{"seed": 1, "user": 5, "rho": 0.75, "strategy": "bald", "final_regret": 1.4523131847381592}
{"seed": 1, "user": 5, "rho": 0.75, "strategy": "voi", "final_regret": 1.4523131847381592}
{"seed": 1, "user": 5, "rho": 0.75, "strategy": "oracle", "final_regret": 2.538027763366699}
{"seed": 1, "user": 6, "rho": 0.75, "strategy": "random", "final_regret": 0.04550743103027344}
{"seed": 1, "user": 6, "rho": 0.75, "strategy": "bald", "final_regret": 6.444397926330566}
{"seed": 1, "user": 6, "rho": 0.75, "strategy": "voi", "final_regret": 14.518199920654297}
{"seed": 1, "user": 6, "rho": 0.75, "strategy": "oracle", "final_regret": 0.04550743103027344}
{"seed": 1, "user": 7, "rho": 0.75, "strategy": "random", "final_regret": 0.00018835067749023438}
{"seed": 1, "user": 7, "rho": 0.75, "strategy": "bald", "final_regret": 6.658271789550781}
{"seed": 1, "user": 7, "rho": 0.75, "strategy": "voi", "final_regret": 6.360128879547119}
{"seed": 1, "user": 7, "rho": 0.75, "strategy": "oracle", "final_regret": 0.6518630981445312}
{"seed": 1, "user": 8, "rho": 0.75, "strategy": "random", "final_regret": 0.9115728735923767}
{"seed": 1, "user": 8, "rho": 0.75, "strategy": "bald", "final_regret": 1.2561044692993164}
{"seed": 1, "user": 8, "rho": 0.75, "strategy": "voi", "final_regret": 0.933648407459259}
{"seed": 1, "user": 8, "rho": 0.75, "strategy": "oracle", "final_regret": 0.005616232752799988}
{"seed": 1, "user": 9, "rho": 0.75, "strategy": "random", "final_regret": 0.00014293193817138672}
{"seed": 1, "user": 9, "rho": 0.75, "strategy": "bald", "final_regret": 0.00014293193817138672}
{"seed": 1, "user": 9, "rho": 0.75, "strategy": "voi", "final_regret": 0.8613097667694092}
{"seed": 1, "user": 9, "rho": 0.75, "strategy": "oracle", "final_regret": 0.01754915714263916}
{"seed": 1, "user": 10, "rho": 0.75, "strategy": "random", "final_regret": 5.142561912536621}
{"seed": 1, "user": 10, "rho": 0.75, "strategy": "bald", "final_regret": 3.189742088317871}
{"seed": 1, "user": 10, "rho": 0.75, "strategy": "voi", "final_regret": 0.046004295349121094}
{"seed": 1, "user": 10, "rho": 0.75, "strategy": "oracle", "final_regret": 0.0006198883056640625}
{"seed": 1, "user": 11, "rho": 0.75, "strategy": "random", "final_regret": 1.3325518369674683}
{"seed": 1, "user": 11, "rho": 0.75, "strategy": "bald", "final_regret": 5.1972503662109375}
{"seed": 1, "user": 11, "rho": 0.75, "strategy": "voi", "final_regret": 0.02601832151412964}
{"seed": 1, "user": 11, "rho": 0.75, "strategy": "oracle", "final_regret": 0.0}
{"seed": 2, "user": 0, "rho": 0.75, "strategy": "random", "final_regret": 0.0}
{"seed": 2, "user": 0, "rho": 0.75, "strategy": "bald", "final_regret": 0.022224783897399902}
{"seed": 2, "user": 0, "rho": 0.75, "strategy": "voi", "final_regret": 0.003541707992553711}
{"seed": 2, "user": 0, "rho": 0.75, "strategy": "oracle", "final_regret": 0.0}
{"seed": 2, "user": 1, "rho": 0.75, "strategy": "random", "final_regret": 3.145660877227783}
{"seed": 2, "user": 1, "rho": 0.75, "strategy": "bald", "final_regret": 0.04292011260986328}
{"seed": 2, "user": 1, "rho": 0.75, "strategy": "voi", "final_regret": 0.15894436836242676}
{"seed": 2, "user": 1, "rho": 0.75, "strategy": "oracle", "final_regret": 0.0008382797241210938}
{"seed": 2, "user": 2, "rho": 0.75, "strategy": "random", "final_regret": 0.0}
{"seed": 2, "user": 2, "rho": 0.75, "strategy": "bald", "final_regret": 0.009320259094238281}
{"seed": 2, "user": 2, "rho": 0.75, "strategy": "voi", "final_regret": 0.026838064193725586}
{"seed": 2, "user": 2, "rho": 0.75, "strategy": "oracle", "final_regret": 0.0006078481674194336}
{"seed": 2, "user": 3, "rho": 0.75, "strategy": "random", "final_regret": 0.08106374740600586}
{"seed": 2, "user": 3, "rho": 0.75, "strategy": "bald", "final_regret": 0.039862871170043945}
{"seed": 2, "user": 3, "rho": 0.75, "strategy": "voi", "final_regret": 0.29026174545288086}
{"seed": 2, "user": 3, "rho": 0.75, "strategy": "oracle", "final_regret": 0.040702104568481445}
{"seed": 2, "user": 4, "rho": 0.75, "strategy": "random", "final_regret": 0.002216637134552002}
{"seed": 2, "user": 4, "rho": 0.75, "strategy": "bald", "final_regret": 0.03795057535171509}
{"seed": 2, "user": 4, "rho": 0.75, "strategy": "voi", "final_regret": 0.06311291456222534}
{"seed": 2, "user": 4, "rho": 0.75, "strategy": "oracle", "final_regret": 0.002216637134552002}
{"seed": 2, "user": 5, "rho": 0.75, "strategy": "random", "final_regret": 2.976778030395508}
{"seed": 2, "user": 5, "rho": 0.75, "strategy": "bald", "final_regret": 0.04219985008239746}
{"seed": 2, "user": 5, "rho": 0.75, "strategy": "voi", "final_regret": 0.04219985008239746}
{"seed": 2, "user": 5, "rho": 0.75, "strategy": "oracle", "final_regret": 0.02027153968811035}
{"seed": 2, "user": 6, "rho": 0.75, "strategy": "random", "final_regret": 2.9240641593933105}
{"seed": 2, "user": 6, "rho": 0.75, "strategy": "bald", "final_regret": 2.912703514099121}
{"seed": 2, "user": 6, "rho": 0.75, "strategy": "voi", "final_regret": 0.11610114574432373}
{"seed": 2, "user": 6, "rho": 0.75, "strategy": "oracle", "final_regret": 1.0075033903121948}
{"seed": 2, "user": 7, "rho": 0.75, "strategy": "random", "final_regret": 0.008763790130615234}
{"seed": 2, "user": 7, "rho": 0.75, "strategy": "bald", "final_regret": 0.008763790130615234}
{"seed": 2, "user": 7, "rho": 0.75, "strategy": "voi", "final_regret": -9.5367431640625e-06}
{"seed": 2, "user": 7, "rho": 0.75, "strategy": "oracle", "final_regret": -9.5367431640625e-06}
{"seed": 2, "user": 8, "rho": 0.75, "strategy": "random", "final_regret": 2.0013339519500732}
{"seed": 2, "user": 8, "rho": 0.75, "strategy": "bald", "final_regret": 0.0145493745803833}
{"seed": 2, "user": 8, "rho": 0.75, "strategy": "voi", "final_regret": 0.018948793411254883}
{"seed": 2, "user": 8, "rho": 0.75, "strategy": "oracle", "final_regret": 0.018948793411254883}
{"seed": 2, "user": 9, "rho": 0.75, "strategy": "random", "final_regret": 0.0007810592651367188}
{"seed": 2, "user": 9, "rho": 0.75, "strategy": "bald", "final_regret": 0.0009698867797851562}
{"seed": 2, "user": 9, "rho": 0.75, "strategy": "voi", "final_regret": 0.025068283081054688}
{"seed": 2, "user": 9, "rho": 0.75, "strategy": "oracle", "final_regret": 0.025068283081054688}
{"seed": 2, "user": 10, "rho": 0.75, "strategy": "random", "final_regret": 2.1685168743133545}
{"seed": 2, "user": 10, "rho": 0.75, "strategy": "bald", "final_regret": 0.8359885811805725}
{"seed": 2, "user": 10, "rho": 0.75, "strategy": "voi", "final_regret": 0.0}
{"seed": 2, "user": 10, "rho": 0.75, "strategy": "oracle", "final_regret": 0.044670283794403076}
{"seed": 2, "user": 11, "rho": 0.75, "strategy": "random", "final_regret": 1.3959308862686157}
{"seed": 2, "user": 11, "rho": 0.75, "strategy": "bald", "final_regret": 1.4188206195831299}
{"seed": 2, "user": 11, "rho": 0.75, "strategy": "voi", "final_regret": 1.3158925771713257}
{"seed": 2, "user": 11, "rho": 0.75, "strategy": "oracle", "final_regret": 1.4287314414978027}
{"seed": 3, "user": 0, "rho": 0.75, "strategy": "random", "final_regret": 2.9035563468933105}
{"seed": 3, "user": 0, "rho": 0.75, "strategy": "bald", "final_regret": 0.23075437545776367}
{"seed": 3, "user": 0, "rho": 0.75, "strategy": "voi", "final_regret": 1.712007999420166}
{"seed": 3, "user": 0, "rho": 0.75, "strategy": "oracle", "final_regret": -1.1444091796875e-05}
{"seed": 3, "user": 1, "rho": 0.75, "strategy": "random", "final_regret": 0.5144891738891602}
{"seed": 3, "user": 1, "rho": 0.75, "strategy": "bald", "final_regret": -9.5367431640625e-06}
{"seed": 3, "user": 1, "rho": 0.75, "strategy": "voi", "final_regret": 0.39940857887268066}
{"seed": 3, "user": 1, "rho": 0.75, "strategy": "oracle", "final_regret": 0.0009799003601074219}
{"seed": 3, "user": 2, "rho": 0.75, "strategy": "random", "final_regret": 0.5689535140991211}
{"seed": 3, "user": 2, "rho": 0.75, "strategy": "bald", "final_regret": 1.4877514839172363}
{"seed": 3, "user": 2, "rho": 0.75, "strategy": "voi", "final_regret": 0.006694793701171875}
{"seed": 3, "user": 2, "rho": 0.75, "strategy": "oracle", "final_regret": 0.006694793701171875}
{"seed": 3, "user": 3, "rho": 0.75, "strategy": "random", "final_regret": 0.005807161331176758}
{"seed": 3, "user": 3, "rho": 0.75, "strategy": "bald", "final_regret": 0.3545687198638916}
{"seed": 3, "user": 3, "rho": 0.75, "strategy": "voi", "final_regret": 0.0005557537078857422}
{"seed": 3, "user": 3, "rho": 0.75, "strategy": "oracle", "final_regret": 0.0011949539184570312}
{"seed": 3, "user": 4, "rho": 0.75, "strategy": "random", "final_regret": -1.1444091796875e-05}
{"seed": 3, "user": 4, "rho": 0.75, "strategy": "bald", "final_regret": 0.0874032974243164}
{"seed": 3, "user": 4, "rho": 0.75, "strategy": "voi", "final_regret": 1.2795896530151367}
{"seed": 3, "user": 4, "rho": 0.75, "strategy": "oracle", "final_regret": -1.1444091796875e-05}
{"seed": 3, "user": 5, "rho": 0.75, "strategy": "random", "final_regret": 0.007246971130371094}
{"seed": 3, "user": 5, "rho": 0.75, "strategy": "bald", "final_regret": 1.1591882705688477}
{"seed": 3, "user": 5, "rho": 0.75, "strategy": "voi", "final_regret": 0.919743537902832}
{"seed": 3, "user": 5, "rho": 0.75, "strategy": "oracle", "final_regret": -1.621246337890625e-05}
{"seed": 3, "user": 6, "rho": 0.75, "strategy": "random", "final_regret": 0.08523750305175781}
{"seed": 3, "user": 6, "rho": 0.75, "strategy": "bald", "final_regret": 0.4814329147338867}
{"seed": 3, "user": 6, "rho": 0.75, "strategy": "voi", "final_regret": 0.6427402496337891}
{"seed": 3, "user": 6, "rho": 0.75, "strategy": "oracle", "final_regret": 0.0018215179443359375}
{"seed": 3, "user": 7, "rho": 0.75, "strategy": "random", "final_regret": 0.0054836273193359375}
{"seed": 3, "user": 7, "rho": 0.75, "strategy": "bald", "final_regret": 0.07158565521240234}
{"seed": 3, "user": 7, "rho": 0.75, "strategy": "voi", "final_regret": 0.0054836273193359375}
{"seed": 3, "user": 7, "rho": 0.75, "strategy": "oracle", "final_regret": -1.430511474609375e-05}
{"seed": 3, "user": 8, "rho": 0.75, "strategy": "random", "final_regret": 0.00024175643920898438}
{"seed": 3, "user": 8, "rho": 0.75, "strategy": "bald", "final_regret": 1.2502546310424805}
{"seed": 3, "user": 8, "rho": 0.75, "strategy": "voi", "final_regret": 2.464552402496338}
{"seed": 3, "user": 8, "rho": 0.75, "strategy": "oracle", "final_regret": -1.0013580322265625e-05}
{"seed": 3, "user": 9, "rho": 0.75, "strategy": "random", "final_regret": 2.401371479034424}
{"seed": 3, "user": 9, "rho": 0.75, "strategy": "bald", "final_regret": 1.910904884338379}
{"seed": 3, "user": 9, "rho": 0.75, "strategy": "voi", "final_regret": 0.00797414779663086}
{"seed": 3, "user": 9, "rho": 0.75, "strategy": "oracle", "final_regret": -1.621246337890625e-05}
{"seed": 3, "user": 10, "rho": 0.75, "strategy": "random", "final_regret": 0.0002193450927734375}
{"seed": 3, "user": 10, "rho": 0.75, "strategy": "bald", "final_regret": 0.7073144912719727}
{"seed": 3, "user": 10, "rho": 0.75, "strategy": "voi", "final_regret": 0.7073144912719727}
{"seed": 3, "user": 10, "rho": 0.75, "strategy": "oracle", "final_regret": -1.1444091796875e-05}
{"seed": 3, "user": 11, "rho": 0.75, "strategy": "random", "final_regret": 0.0006551742553710938}
{"seed": 3, "user": 11, "rho": 0.75, "strategy": "bald", "final_regret": 2.3844661712646484}
{"seed": 3, "user": 11, "rho": 0.75, "strategy": "voi", "final_regret": 1.9879789352416992}
{"seed": 3, "user": 11, "rho": 0.75, "strategy": "oracle", "final_regret": 0.007963180541992188}
{"seed": 4, "user": 0, "rho": 0.75, "strategy": "random", "final_regret": 1.1736855506896973}
{"seed": 4, "user": 0, "rho": 0.75, "strategy": "bald", "final_regret": 1.1810245513916016}
{"seed": 4, "user": 0, "rho": 0.75, "strategy": "voi", "final_regret": 0.14799100160598755}
{"seed": 4, "user": 0, "rho": 0.75, "strategy": "oracle", "final_regret": -2.6226043701171875e-06}
{"seed": 4, "user": 1, "rho": 0.75, "strategy": "random", "final_regret": 9.321502685546875}
{"seed": 4, "user": 1, "rho": 0.75, "strategy": "bald", "final_regret": 6.286358833312988}
{"seed": 4, "user": 1, "rho": 0.75, "strategy": "voi", "final_regret": 0.03177452087402344}
{"seed": 4, "user": 1, "rho": 0.75, "strategy": "oracle", "final_regret": -4.76837158203125e-06}
{"seed": 4, "user": 2, "rho": 0.75, "strategy": "random", "final_regret": -2.47955322265625e-05}
{"seed": 4, "user": 2, "rho": 0.75, "strategy": "bald", "final_regret": -2.47955322265625e-05}
{"seed": 4, "user": 2, "rho": 0.75, "strategy": "voi", "final_regret": 0.004268646240234375}
{"seed": 4, "user": 2, "rho": 0.75, "strategy": "oracle", "final_regret": -2.47955322265625e-05}
{"seed": 4, "user": 3, "rho": 0.75, "strategy": "random", "final_regret": 0.09337234497070312}
{"seed": 4, "user": 3, "rho": 0.75, "strategy": "bald", "final_regret": 0.09337234497070312}
{"seed": 4, "user": 3, "rho": 0.75, "strategy": "voi", "final_regret": 0.09337234497070312}
{"seed": 4, "user": 3, "rho": 0.75, "strategy": "oracle", "final_regret": 0.00083160400390625}
{"seed": 4, "user": 4, "rho": 0.75, "strategy": "random", "final_regret": 0.297861784696579}
{"seed": 4, "user": 4, "rho": 0.75, "strategy": "bald", "final_regret": 0.0053857117891311646}
{"seed": 4, "user": 4, "rho": 0.75, "strategy": "voi", "final_regret": 0.19115516543388367}
{"seed": 4, "user": 4, "rho": 0.75, "strategy": "oracle", "final_regret": 0.0037029683589935303}
{"seed": 4, "user": 5, "rho": 0.75, "strategy": "random", "final_regret": 7.235817909240723}
{"seed": 4, "user": 5, "rho": 0.75, "strategy": "bald", "final_regret": 0.03799581527709961}
{"seed": 4, "user": 5, "rho": 0.75, "strategy": "voi", "final_regret": 0.03799581527709961}
{"seed": 4, "user": 5, "rho": 0.75, "strategy": "oracle", "final_regret": 0.03237259387969971}
{"seed": 4, "user": 6, "rho": 0.75, "strategy": "random", "final_regret": 0.0005822181701660156}
{"seed": 4, "user": 6, "rho": 0.75, "strategy": "bald", "final_regret": 0.02908778190612793}
{"seed": 4, "user": 6, "rho": 0.75, "strategy": "voi", "final_regret": -1.049041748046875e-05}
{"seed": 4, "user": 6, "rho": 0.75, "strategy": "oracle", "final_regret": 0.0005822181701660156}
{"seed": 4, "user": 7, "rho": 0.75, "strategy": "random", "final_regret": 2.7158234119415283}
{"seed": 4, "user": 7, "rho": 0.75, "strategy": "bald", "final_regret": 0.7445213794708252}
{"seed": 4, "user": 7, "rho": 0.75, "strategy": "voi", "final_regret": 0.014771461486816406}
{"seed": 4, "user": 7, "rho": 0.75, "strategy": "oracle", "final_regret": 0.036528825759887695}
{"seed": 4, "user": 8, "rho": 0.75, "strategy": "random", "final_regret": 0.8071928024291992}
{"seed": 4, "user": 8, "rho": 0.75, "strategy": "bald", "final_regret": 0.011429309844970703}
{"seed": 4, "user": 8, "rho": 0.75, "strategy": "voi", "final_regret": 0.011429309844970703}
{"seed": 4, "user": 8, "rho": 0.75, "strategy": "oracle", "final_regret": -1.71661376953125e-05}
{"seed": 4, "user": 9, "rho": 0.75, "strategy": "random", "final_regret": 3.8605387210845947}
{"seed": 4, "user": 9, "rho": 0.75, "strategy": "bald", "final_regret": 0.13332656025886536}
{"seed": 4, "user": 9, "rho": 0.75, "strategy": "voi", "final_regret": 0.11458515375852585}
{"seed": 4, "user": 9, "rho": 0.75, "strategy": "oracle", "final_regret": 0.13332656025886536}
{"seed": 4, "user": 10, "rho": 0.75, "strategy": "random", "final_regret": 1.213670253753662}
{"seed": 4, "user": 10, "rho": 0.75, "strategy": "bald", "final_regret": 1.5738391876220703}
{"seed": 4, "user": 10, "rho": 0.75, "strategy": "voi", "final_regret": 1.213670253753662}
{"seed": 4, "user": 10, "rho": 0.75, "strategy": "oracle", "final_regret": 1.2192153930664062}
{"seed": 4, "user": 11, "rho": 0.75, "strategy": "random", "final_regret": 0.8224430084228516}
{"seed": 4, "user": 11, "rho": 0.75, "strategy": "bald", "final_regret": 6.328426361083984}
{"seed": 4, "user": 11, "rho": 0.75, "strategy": "voi", "final_regret": 5.422679901123047}
{"seed": 4, "user": 11, "rho": 0.75, "strategy": "oracle", "final_regret": -9.5367431640625e-06}
{"seed": 5, "user": 0, "rho": 0.75, "strategy": "random", "final_regret": -1.430511474609375e-05}
{"seed": 5, "user": 0, "rho": 0.75, "strategy": "bald", "final_regret": 0.30094051361083984}
{"seed": 5, "user": 0, "rho": 0.75, "strategy": "voi", "final_regret": -1.430511474609375e-05}
{"seed": 5, "user": 0, "rho": 0.75, "strategy": "oracle", "final_regret": 0.30094051361083984}
{"seed": 5, "user": 1, "rho": 0.75, "strategy": "random", "final_regret": 0.6390962600708008}
{"seed": 5, "user": 1, "rho": 0.75, "strategy": "bald", "final_regret": 0.6390962600708008}
{"seed": 5, "user": 1, "rho": 0.75, "strategy": "voi", "final_regret": -1.621246337890625e-05}
{"seed": 5, "user": 1, "rho": 0.75, "strategy": "oracle", "final_regret": 0.001361846923828125}
{"seed": 5, "user": 2, "rho": 0.75, "strategy": "random", "final_regret": 0.5358610153198242}
{"seed": 5, "user": 2, "rho": 0.75, "strategy": "bald", "final_regret": -6.67572021484375e-06}
{"seed": 5, "user": 2, "rho": 0.75, "strategy": "voi", "final_regret": -6.67572021484375e-06}
{"seed": 5, "user": 2, "rho": 0.75, "strategy": "oracle", "final_regret": -6.67572021484375e-06}
{"seed": 5, "user": 3, "rho": 0.75, "strategy": "random", "final_regret": 0.019237041473388672}
{"seed": 5, "user": 3, "rho": 0.75, "strategy": "bald", "final_regret": 0.036102294921875}
{"seed": 5, "user": 3, "rho": 0.75, "strategy": "voi", "final_regret": 0.019237041473388672}
{"seed": 5, "user": 3, "rho": 0.75, "strategy": "oracle", "final_regret": 0.036102294921875}
{"seed": 5, "user": 4, "rho": 0.75, "strategy": "random", "final_regret": 2.2304134368896484}
{"seed": 5, "user": 4, "rho": 0.75, "strategy": "bald", "final_regret": 1.8388051986694336}
{"seed": 5, "user": 4, "rho": 0.75, "strategy": "voi", "final_regret": 2.2304134368896484}
{"seed": 5, "user": 4, "rho": 0.75, "strategy": "oracle", "final_regret": 0.010924339294433594}
{"seed": 5, "user": 5, "rho": 0.75, "strategy": "random", "final_regret": -5.7220458984375e-06}
{"seed": 5, "user": 5, "rho": 0.75, "strategy": "bald", "final_regret": -5.7220458984375e-06}
{"seed": 5, "user": 5, "rho": 0.75, "strategy": "voi", "final_regret": -5.7220458984375e-06}
{"seed": 5, "user": 5, "rho": 0.75, "strategy": "oracle", "final_regret": 0.11789417266845703}
{"seed": 5, "user": 6, "rho": 0.75, "strategy": "random", "final_regret": -1.4781951904296875e-05}
{"seed": 5, "user": 6, "rho": 0.75, "strategy": "bald", "final_regret": -1.4781951904296875e-05}
{"seed": 5, "user": 6, "rho": 0.75, "strategy": "voi", "final_regret": -1.4781951904296875e-05}
{"seed": 5, "user": 6, "rho": 0.75, "strategy": "oracle", "final_regret": -1.4781951904296875e-05}
{"seed": 5, "user": 7, "rho": 0.75, "strategy": "random", "final_regret": -1.6689300537109375e-05}
{"seed": 5, "user": 7, "rho": 0.75, "strategy": "bald", "final_regret": -1.6689300537109375e-05}
{"seed": 5, "user": 7, "rho": 0.75, "strategy": "voi", "final_regret": -1.6689300537109375e-05}
{"seed": 5, "user": 7, "rho": 0.75, "strategy": "oracle", "final_regret": -1.6689300537109375e-05}
{"seed": 5, "user": 8, "rho": 0.75, "strategy": "random", "final_regret": 0.7376453876495361}
{"seed": 5, "user": 8, "rho": 0.75, "strategy": "bald", "final_regret": -7.867813110351562e-06}
{"seed": 5, "user": 8, "rho": 0.75, "strategy": "voi", "final_regret": -7.867813110351562e-06}
{"seed": 5, "user": 8, "rho": 0.75, "strategy": "oracle", "final_regret": -7.867813110351562e-06}
{"seed": 5, "user": 9, "rho": 0.75, "strategy": "random", "final_regret": -1.71661376953125e-05}
{"seed": 5, "user": 9, "rho": 0.75, "strategy": "bald", "final_regret": -1.71661376953125e-05}
{"seed": 5, "user": 9, "rho": 0.75, "strategy": "voi", "final_regret": -1.71661376953125e-05}
{"seed": 5, "user": 9, "rho": 0.75, "strategy": "oracle", "final_regret": 0.04750251770019531}
{"seed": 5, "user": 10, "rho": 0.75, "strategy": "random", "final_regret": -2.765655517578125e-05}
{"seed": 5, "user": 10, "rho": 0.75, "strategy": "bald", "final_regret": 2.3255863189697266}
{"seed": 5, "user": 10, "rho": 0.75, "strategy": "voi", "final_regret": -2.765655517578125e-05}
{"seed": 5, "user": 10, "rho": 0.75, "strategy": "oracle", "final_regret": -2.765655517578125e-05}
{"seed": 5, "user": 11, "rho": 0.75, "strategy": "random", "final_regret": 0.9264125823974609}
{"seed": 5, "user": 11, "rho": 0.75, "strategy": "bald", "final_regret": 0.007346153259277344}
{"seed": 5, "user": 11, "rho": 0.75, "strategy": "voi", "final_regret": 0.02071380615234375}
{"seed": 5, "user": 11, "rho": 0.75, "strategy": "oracle", "final_regret": -7.152557373046875e-06}
{"seed": 6, "user": 0, "rho": 0.75, "strategy": "random", "final_regret": 0.001953125}
{"seed": 6, "user": 0, "rho": 0.75, "strategy": "bald", "final_regret": -1.52587890625e-05}
{"seed": 6, "user": 0, "rho": 0.75, "strategy": "voi", "final_regret": -1.52587890625e-05}
{"seed": 6, "user": 0, "rho": 0.75, "strategy": "oracle", "final_regret": 0.029241561889648438}
{"seed": 6, "user": 1, "rho": 0.75, "strategy": "random", "final_regret": -2.0265579223632812e-06}
{"seed": 6, "user": 1, "rho": 0.75, "strategy": "bald", "final_regret": -2.0265579223632812e-06}
{"seed": 6, "user": 1, "rho": 0.75, "strategy": "voi", "final_regret": 1.937844157218933}
{"seed": 6, "user": 1, "rho": 0.75, "strategy": "oracle", "final_regret": 0.0177154541015625}
{"seed": 6, "user": 2, "rho": 0.75, "strategy": "random", "final_regret": 0.0015404820442199707}
{"seed": 6, "user": 2, "rho": 0.75, "strategy": "bald", "final_regret": 0.6243451237678528}
{"seed": 6, "user": 2, "rho": 0.75, "strategy": "voi", "final_regret": 0.45897120237350464}
{"seed": 6, "user": 2, "rho": 0.75, "strategy": "oracle", "final_regret": 0.6680349707603455}
{"seed": 6, "user": 3, "rho": 0.75, "strategy": "random", "final_regret": 3.806774139404297}
{"seed": 6, "user": 3, "rho": 0.75, "strategy": "bald", "final_regret": 0.03167438507080078}
{"seed": 6, "user": 3, "rho": 0.75, "strategy": "voi", "final_regret": 7.82012939453125e-05}
{"seed": 6, "user": 3, "rho": 0.75, "strategy": "oracle", "final_regret": -4.76837158203125e-06}
{"seed": 6, "user": 4, "rho": 0.75, "strategy": "random", "final_regret": 4.939729690551758}
{"seed": 6, "user": 4, "rho": 0.75, "strategy": "bald", "final_regret": 0.06620597839355469}
{"seed": 6, "user": 4, "rho": 0.75, "strategy": "voi", "final_regret": 0.08856201171875}
{"seed": 6, "user": 4, "rho": 0.75, "strategy": "oracle", "final_regret": 0.1093287467956543}
{"seed": 6, "user": 5, "rho": 0.75, "strategy": "random", "final_regret": 0.08168983459472656}
{"seed": 6, "user": 5, "rho": 0.75, "strategy": "bald", "final_regret": 0.08097076416015625}
{"seed": 6, "user": 5, "rho": 0.75, "strategy": "voi", "final_regret": 0.0004291534423828125}
{"seed": 6, "user": 5, "rho": 0.75, "strategy": "oracle", "final_regret": 0.2643260955810547}
{"seed": 6, "user": 6, "rho": 0.75, "strategy": "random", "final_regret": 4.0511274337768555}
{"seed": 6, "user": 6, "rho": 0.75, "strategy": "bald", "final_regret": 3.285057306289673}
{"seed": 6, "user": 6, "rho": 0.75, "strategy": "voi", "final_regret": 4.150846481323242}
{"seed": 6, "user": 6, "rho": 0.75, "strategy": "oracle", "final_regret": 0.15410995483398438}
{"seed": 6, "user": 7, "rho": 0.75, "strategy": "random", "final_regret": 0.04726982116699219}
{"seed": 6, "user": 7, "rho": 0.75, "strategy": "bald", "final_regret": 3.584157943725586}
{"seed": 6, "user": 7, "rho": 0.75, "strategy": "voi", "final_regret": 0.0048980712890625}
{"seed": 6, "user": 7, "rho": 0.75, "strategy": "oracle", "final_regret": 0.030939102172851562}
{"seed": 6, "user": 8, "rho": 0.75, "strategy": "random", "final_regret": 0.2259678840637207}
{"seed": 6, "user": 8, "rho": 0.75, "strategy": "bald", "final_regret": 0.017284393310546875}
{"seed": 6, "user": 8, "rho": 0.75, "strategy": "voi", "final_regret": 0.035080909729003906}
{"seed": 6, "user": 8, "rho": 0.75, "strategy": "oracle", "final_regret": -2.384185791015625e-06}
{"seed": 6, "user": 9, "rho": 0.75, "strategy": "random", "final_regret": 3.6355395317077637}
{"seed": 6, "user": 9, "rho": 0.75, "strategy": "bald", "final_regret": 0.0006847381591796875}
{"seed": 6, "user": 9, "rho": 0.75, "strategy": "voi", "final_regret": 0.0028848648071289062}
{"seed": 6, "user": 9, "rho": 0.75, "strategy": "oracle", "final_regret": 0.0012216567993164062}
{"seed": 6, "user": 10, "rho": 0.75, "strategy": "random", "final_regret": 1.1517876386642456}
{"seed": 6, "user": 10, "rho": 0.75, "strategy": "bald", "final_regret": 1.1517876386642456}
{"seed": 6, "user": 10, "rho": 0.75, "strategy": "voi", "final_regret": 0.0005719661712646484}
{"seed": 6, "user": 10, "rho": 0.75, "strategy": "oracle", "final_regret": 1.1985777616500854}
{"seed": 6, "user": 11, "rho": 0.75, "strategy": "random", "final_regret": 0.021831989288330078}
{"seed": 6, "user": 11, "rho": 0.75, "strategy": "bald", "final_regret": 2.104966640472412}
{"seed": 6, "user": 11, "rho": 0.75, "strategy": "voi", "final_regret": 2.037458896636963}
{"seed": 6, "user": 11, "rho": 0.75, "strategy": "oracle", "final_regret": -1.6689300537109375e-05}
{"seed": 7, "user": 0, "rho": 0.75, "strategy": "random", "final_regret": 0.0011467933654785156}
{"seed": 7, "user": 0, "rho": 0.75, "strategy": "bald", "final_regret": 0.0}
{"seed": 7, "user": 0, "rho": 0.75, "strategy": "voi", "final_regret": 3.4086058139801025}
{"seed": 7, "user": 0, "rho": 0.75, "strategy": "oracle", "final_regret": 0.0}
{"seed": 7, "user": 1, "rho": 0.75, "strategy": "random", "final_regret": 0.011351227760314941}
{"seed": 7, "user": 1, "rho": 0.75, "strategy": "bald", "final_regret": 0.011351227760314941}
{"seed": 7, "user": 1, "rho": 0.75, "strategy": "voi", "final_regret": 0.011351227760314941}
{"seed": 7, "user": 1, "rho": 0.75, "strategy": "oracle", "final_regret": 0.0}
{"seed": 7, "user": 2, "rho": 0.75, "strategy": "random", "final_regret": 0.6043055057525635}
{"seed": 7, "user": 2, "rho": 0.75, "strategy": "bald", "final_regret": 0.609172523021698}
{"seed": 7, "user": 2, "rho": 0.75, "strategy": "voi", "final_regret": 0.6043055057525635}
{"seed": 7, "user": 2, "rho": 0.75, "strategy": "oracle", "final_regret": 0.6043055057525635}
{"seed": 7, "user": 3, "rho": 0.75, "strategy": "random", "final_regret": 0.0}
{"seed": 7, "user": 3, "rho": 0.75, "strategy": "bald", "final_regret": 0.0}
{"seed": 7, "user": 3, "rho": 0.75, "strategy": "voi", "final_regret": 0.0}
{"seed": 7, "user": 3, "rho": 0.75, "strategy": "oracle", "final_regret": 0.0}
{"seed": 7, "user": 4, "rho": 0.75, "strategy": "random", "final_regret": 0.0008720159530639648}
{"seed": 7, "user": 4, "rho": 0.75, "strategy": "bald", "final_regret": 0.0008720159530639648}
{"seed": 7, "user": 4, "rho": 0.75, "strategy": "voi", "final_regret": 0.0}
{"seed": 7, "user": 4, "rho": 0.75, "strategy": "oracle", "final_regret": 0.0008720159530639648}
{"seed": 7, "user": 5, "rho": 0.75, "strategy": "random", "final_regret": 0.07001826167106628}
{"seed": 7, "user": 5, "rho": 0.75, "strategy": "bald", "final_regret": 0.018422186374664307}
{"seed": 7, "user": 5, "rho": 0.75, "strategy": "voi", "final_regret": 0.07001826167106628}
{"seed": 7, "user": 5, "rho": 0.75, "strategy": "oracle", "final_regret": 0.07001826167106628}
{"seed": 7, "user": 6, "rho": 0.75, "strategy": "random", "final_regret": 4.763307094573975}
{"seed": 7, "user": 6, "rho": 0.75, "strategy": "bald", "final_regret": 1.0064730644226074}
{"seed": 7, "user": 6, "rho": 0.75, "strategy": "voi", "final_regret": 1.0105175971984863}
{"seed": 7, "user": 6, "rho": 0.75, "strategy": "oracle", "final_regret": 1.0165719985961914}
{"seed": 7, "user": 7, "rho": 0.75, "strategy": "random", "final_regret": 0.004247188568115234}
{"seed": 7, "user": 7, "rho": 0.75, "strategy": "bald", "final_regret": 0.004247188568115234}
{"seed": 7, "user": 7, "rho": 0.75, "strategy": "voi", "final_regret": 0.0}
{"seed": 7, "user": 7, "rho": 0.75, "strategy": "oracle", "final_regret": 0.0}
{"seed": 7, "user": 8, "rho": 0.75, "strategy": "random", "final_regret": 4.964372158050537}
{"seed": 7, "user": 8, "rho": 0.75, "strategy": "bald", "final_regret": 4.9716033935546875}
{"seed": 7, "user": 8, "rho": 0.75, "strategy": "voi", "final_regret": 4.9716033935546875}
{"seed": 7, "user": 8, "rho": 0.75, "strategy": "oracle", "final_regret": 4.964372158050537}
{"seed": 7, "user": 9, "rho": 0.75, "strategy": "random", "final_regret": 1.2498598098754883}
{"seed": 7, "user": 9, "rho": 0.75, "strategy": "bald", "final_regret": 1.20831298828125}
{"seed": 7, "user": 9, "rho": 0.75, "strategy": "voi", "final_regret": 1.20831298828125}
{"seed": 7, "user": 9, "rho": 0.75, "strategy": "oracle", "final_regret": 1.217746376991272}
{"seed": 7, "user": 10, "rho": 0.75, "strategy": "random", "final_regret": 1.0907223224639893}
{"seed": 7, "user": 10, "rho": 0.75, "strategy": "bald", "final_regret": 0.20887577533721924}
{"seed": 7, "user": 10, "rho": 0.75, "strategy": "voi", "final_regret": 1.0816190242767334}
{"seed": 7, "user": 10, "rho": 0.75, "strategy": "oracle", "final_regret": 0.0}
{"seed": 7, "user": 11, "rho": 0.75, "strategy": "random", "final_regret": 1.3389160633087158}
{"seed": 7, "user": 11, "rho": 0.75, "strategy": "bald", "final_regret": -4.76837158203125e-06}
{"seed": 7, "user": 11, "rho": 0.75, "strategy": "voi", "final_regret": 0.0797189474105835}
{"seed": 7, "user": 11, "rho": 0.75, "strategy": "oracle", "final_regret": 0.0797189474105835}
{"seed": 8, "user": 0, "rho": 0.75, "strategy": "random", "final_regret": 0.7060966491699219}
{"seed": 8, "user": 0, "rho": 0.75, "strategy": "bald", "final_regret": 0.3721275329589844}
{"seed": 8, "user": 0, "rho": 0.75, "strategy": "voi", "final_regret": 0.4588804244995117}
{"seed": 8, "user": 0, "rho": 0.75, "strategy": "oracle", "final_regret": -1.33514404296875e-05}
{"seed": 8, "user": 1, "rho": 0.75, "strategy": "random", "final_regret": 0.08437824249267578}
{"seed": 8, "user": 1, "rho": 0.75, "strategy": "bald", "final_regret": 0.0006961822509765625}
{"seed": 8, "user": 1, "rho": 0.75, "strategy": "voi", "final_regret": 0.21747398376464844}
{"seed": 8, "user": 1, "rho": 0.75, "strategy": "oracle", "final_regret": 0.0006961822509765625}
{"seed": 8, "user": 2, "rho": 0.75, "strategy": "random", "final_regret": 1.4726147651672363}
{"seed": 8, "user": 2, "rho": 0.75, "strategy": "bald", "final_regret": 1.5469027757644653}
{"seed": 8, "user": 2, "rho": 0.75, "strategy": "voi", "final_regret": 1.494096040725708}
{"seed": 8, "user": 2, "rho": 0.75, "strategy": "oracle", "final_regret": 0.004267454147338867}
{"seed": 8, "user": 3, "rho": 0.75, "strategy": "random", "final_regret": 3.5094821453094482}
{"seed": 8, "user": 3, "rho": 0.75, "strategy": "bald", "final_regret": 5.343177318572998}
{"seed": 8, "user": 3, "rho": 0.75, "strategy": "voi", "final_regret": 0.013744831085205078}
{"seed": 8, "user": 3, "rho": 0.75, "strategy": "oracle", "final_regret": -7.867813110351562e-06}
{"seed": 8, "user": 4, "rho": 0.75, "strategy": "random", "final_regret": 0.003760814666748047}
{"seed": 8, "user": 4, "rho": 0.75, "strategy": "bald", "final_regret": 0.007014274597167969}
{"seed": 8, "user": 4, "rho": 0.75, "strategy": "voi", "final_regret": 1.1932764053344727}
{"seed": 8, "user": 4, "rho": 0.75, "strategy": "oracle", "final_regret": 0.004955291748046875}
{"seed": 8, "user": 5, "rho": 0.75, "strategy": "random", "final_regret": 0.24505901336669922}
{"seed": 8, "user": 5, "rho": 0.75, "strategy": "bald", "final_regret": 0.24505901336669922}
{"seed": 8, "user": 5, "rho": 0.75, "strategy": "voi", "final_regret": 0.020032882690429688}
{"seed": 8, "user": 5, "rho": 0.75, "strategy": "oracle", "final_regret": 0.24505901336669922}
{"seed": 8, "user": 6, "rho": 0.75, "strategy": "random", "final_regret": 0.2141408920288086}
{"seed": 8, "user": 6, "rho": 0.75, "strategy": "bald", "final_regret": 0.34578871726989746}
{"seed": 8, "user": 6, "rho": 0.75, "strategy": "voi", "final_regret": 0.0008192062377929688}
{"seed": 8, "user": 6, "rho": 0.75, "strategy": "oracle", "final_regret": 0.29722118377685547}
{"seed": 8, "user": 7, "rho": 0.75, "strategy": "random", "final_regret": 4.080029487609863}
{"seed": 8, "user": 7, "rho": 0.75, "strategy": "bald", "final_regret": -3.814697265625e-06}
{"seed": 8, "user": 7, "rho": 0.75, "strategy": "voi", "final_regret": -3.814697265625e-06}
{"seed": 8, "user": 7, "rho": 0.75, "strategy": "oracle", "final_regret": 0.04077553749084473}
{"seed": 8, "user": 8, "rho": 0.75, "strategy": "random", "final_regret": 0.009818077087402344}
{"seed": 8, "user": 8, "rho": 0.75, "strategy": "bald", "final_regret": 0.008011817932128906}
{"seed": 8, "user": 8, "rho": 0.75, "strategy": "voi", "final_regret": 0.009818077087402344}
{"seed": 8, "user": 8, "rho": 0.75, "strategy": "oracle", "final_regret": 0.32901573181152344}
{"seed": 8, "user": 9, "rho": 0.75, "strategy": "random", "final_regret": 0.8729844093322754}
{"seed": 8, "user": 9, "rho": 0.75, "strategy": "bald", "final_regret": 0.9110336303710938}
{"seed": 8, "user": 9, "rho": 0.75, "strategy": "voi", "final_regret": 0.025964736938476562}
{"seed": 8, "user": 9, "rho": 0.75, "strategy": "oracle", "final_regret": 0.04977273941040039}
{"seed": 8, "user": 10, "rho": 0.75, "strategy": "random", "final_regret": 0.01995563507080078}
{"seed": 8, "user": 10, "rho": 0.75, "strategy": "bald", "final_regret": 1.782052993774414}
{"seed": 8, "user": 10, "rho": 0.75, "strategy": "voi", "final_regret": 0.007557868957519531}
{"seed": 8, "user": 10, "rho": 0.75, "strategy": "oracle", "final_regret": 0.04459190368652344}
{"seed": 8, "user": 11, "rho": 0.75, "strategy": "random", "final_regret": 1.053110122680664}
{"seed": 8, "user": 11, "rho": 0.75, "strategy": "bald", "final_regret": 3.386819362640381}
{"seed": 8, "user": 11, "rho": 0.75, "strategy": "voi", "final_regret": 0.040190696716308594}
{"seed": 8, "user": 11, "rho": 0.75, "strategy": "oracle", "final_regret": 0.007952690124511719}
{"seed": 9, "user": 0, "rho": 0.75, "strategy": "random", "final_regret": 0.5753675699234009}
{"seed": 9, "user": 0, "rho": 0.75, "strategy": "bald", "final_regret": 1.2130154371261597}
{"seed": 9, "user": 0, "rho": 0.75, "strategy": "voi", "final_regret": 0.4491015374660492}
{"seed": 9, "user": 0, "rho": 0.75, "strategy": "oracle", "final_regret": 0.015156000852584839}
{"seed": 9, "user": 1, "rho": 0.75, "strategy": "random", "final_regret": 2.2969889640808105}
{"seed": 9, "user": 1, "rho": 0.75, "strategy": "bald", "final_regret": 0.0007304549217224121}
{"seed": 9, "user": 1, "rho": 0.75, "strategy": "voi", "final_regret": 3.348440170288086}
{"seed": 9, "user": 1, "rho": 0.75, "strategy": "oracle", "final_regret": 0.0003425478935241699}
{"seed": 9, "user": 2, "rho": 0.75, "strategy": "random", "final_regret": 0.2040252685546875}
{"seed": 9, "user": 2, "rho": 0.75, "strategy": "bald", "final_regret": 0.47948265075683594}
{"seed": 9, "user": 2, "rho": 0.75, "strategy": "voi", "final_regret": 0.011652946472167969}
{"seed": 9, "user": 2, "rho": 0.75, "strategy": "oracle", "final_regret": -6.67572021484375e-06}
{"seed": 9, "user": 3, "rho": 0.75, "strategy": "random", "final_regret": 0.015262365341186523}
{"seed": 9, "user": 3, "rho": 0.75, "strategy": "bald", "final_regret": 0.03712773323059082}
{"seed": 9, "user": 3, "rho": 0.75, "strategy": "voi", "final_regret": 3.7937400341033936}
{"seed": 9, "user": 3, "rho": 0.75, "strategy": "oracle", "final_regret": 0.022394657135009766}
{"seed": 9, "user": 4, "rho": 0.75, "strategy": "random", "final_regret": 0.12395942211151123}
{"seed": 9, "user": 4, "rho": 0.75, "strategy": "bald", "final_regret": 0.24244844913482666}
{"seed": 9, "user": 4, "rho": 0.75, "strategy": "voi", "final_regret": 0.12319904565811157}
{"seed": 9, "user": 4, "rho": 0.75, "strategy": "oracle", "final_regret": 0.012500107288360596}
{"seed": 9, "user": 5, "rho": 0.75, "strategy": "random", "final_regret": 5.321043968200684}
{"seed": 9, "user": 5, "rho": 0.75, "strategy": "bald", "final_regret": -6.198883056640625e-06}
{"seed": 9, "user": 5, "rho": 0.75, "strategy": "voi", "final_regret": -6.198883056640625e-06}
{"seed": 9, "user": 5, "rho": 0.75, "strategy": "oracle", "final_regret": 0.1478862762451172}
{"seed": 9, "user": 6, "rho": 0.75, "strategy": "random", "final_regret": 0.013300299644470215}
{"seed": 9, "user": 6, "rho": 0.75, "strategy": "bald", "final_regret": 0.020280003547668457}
{"seed": 9, "user": 6, "rho": 0.75, "strategy": "voi", "final_regret": 0.013300299644470215}
{"seed": 9, "user": 6, "rho": 0.75, "strategy": "oracle", "final_regret": 0.0}
{"seed": 9, "user": 7, "rho": 0.75, "strategy": "random", "final_regret": 6.646214485168457}
{"seed": 9, "user": 7, "rho": 0.75, "strategy": "bald", "final_regret": 0.07377910614013672}
{"seed": 9, "user": 7, "rho": 0.75, "strategy": "voi", "final_regret": 0.028316020965576172}
{"seed": 9, "user": 7, "rho": 0.75, "strategy": "oracle", "final_regret": -1.4781951904296875e-05}
{"seed": 9, "user": 8, "rho": 0.75, "strategy": "random", "final_regret": 2.8609678745269775}
{"seed": 9, "user": 8, "rho": 0.75, "strategy": "bald", "final_regret": 2.862057685852051}
{"seed": 9, "user": 8, "rho": 0.75, "strategy": "voi", "final_regret": 2.8583734035491943}
{"seed": 9, "user": 8, "rho": 0.75, "strategy": "oracle", "final_regret": 0.0014090538024902344}
{"seed": 9, "user": 9, "rho": 0.75, "strategy": "random", "final_regret": 4.376354217529297}
{"seed": 9, "user": 9, "rho": 0.75, "strategy": "bald", "final_regret": 2.647233486175537}
{"seed": 9, "user": 9, "rho": 0.75, "strategy": "voi", "final_regret": 2.172238349914551}
{"seed": 9, "user": 9, "rho": 0.75, "strategy": "oracle", "final_regret": 0.0005936622619628906}
{"seed": 9, "user": 10, "rho": 0.75, "strategy": "random", "final_regret": 0.08842527866363525}
{"seed": 9, "user": 10, "rho": 0.75, "strategy": "bald", "final_regret": 3.5882346630096436}
{"seed": 9, "user": 10, "rho": 0.75, "strategy": "voi", "final_regret": 0.017667829990386963}
{"seed": 9, "user": 10, "rho": 0.75, "strategy": "oracle", "final_regret": 0.017667829990386963}
{"seed": 9, "user": 11, "rho": 0.75, "strategy": "random", "final_regret": 1.943915843963623}
{"seed": 9, "user": 11, "rho": 0.75, "strategy": "bald", "final_regret": 1.8173060417175293}
{"seed": 9, "user": 11, "rho": 0.75, "strategy": "voi", "final_regret": 1.9431333541870117}
{"seed": 9, "user": 11, "rho": 0.75, "strategy": "oracle", "final_regret": 0.04638779163360596}
EXIT:0
